candidate,label,file,bin_index,qT,data,prediction,ratio,error_data,error_total,error_data_ratio,error_total_ratio,chi2dN_file,N_file
poly_bstar_cslog_loggauss,0-2 loggauss,ATLAS_7\ATLAS7-00y10.csv,0,1.0,0.02861,0.028182823138600255,0.9850689667459019,0.00017678800864312036,0.00045452888973468095,0.006179238330762683,0.01588706360484729,0.5067823255338891,6
poly_bstar_cslog_loggauss,0-2 loggauss,ATLAS_7\ATLAS7-00y10.csv,1,3.0,0.05874,0.05819497382902094,0.9907213794521781,0.00030223997088406427,0.000517795072462729,0.005145385953082469,0.008815033579549353,0.5067823255338891,6
poly_bstar_cslog_loggauss,0-2 loggauss,ATLAS_7\ATLAS7-00y10.csv,2,5.0,0.05834,0.05822431192976466,0.9980170025671008,0.0002784385030846129,0.00028537334947195344,0.004772686031618322,0.004891555527458921,0.5067823255338891,6
poly_bstar_cslog_loggauss,0-2 loggauss,ATLAS_7\ATLAS7-00y10.csv,3,7.0,0.04972,0.04987804356301183,1.0031786718224422,0.00023892048886606606,0.00032326877899578675,0.004805319566895939,0.006501785579159026,0.5067823255338891,6
poly_bstar_cslog_loggauss,0-2 loggauss,ATLAS_7\ATLAS7-00y10.csv,4,9.0,0.04106,0.041516953608101634,1.0111289237238585,0.00020646065000382035,0.0003505600449454767,0.005028267170088172,0.008537750729310198,0.5067823255338891,6
poly_bstar_cslog_loggauss,0-2 loggauss,ATLAS_7\ATLAS7-00y10.csv,5,11.0,0.03385,0.03432289393150065,1.0139702786263116,0.00018081205712009362,0.0003818662216911205,0.0053415674186142875,0.011281129148925274,0.5067823255338891,6
poly_bstar_cslog_loggauss,0-2 loggauss,ATLAS_7\ATLAS7-10y20.csv,0,1.0,0.02781,0.02774927590195477,0.9978164653705419,0.00020490729611216872,0.000444001935283071,0.007368115645888842,0.01596554963261672,3.187915118192444,6
poly_bstar_cslog_loggauss,0-2 loggauss,ATLAS_7\ATLAS7-10y20.csv,1,3.0,0.05802,0.057168647850202876,0.9853265744605804,0.00033924327554131413,0.0005088797330332987,0.005847005783200864,0.008770764099160612,3.187915118192444,6
poly_bstar_cslog_loggauss,0-2 loggauss,ATLAS_7\ATLAS7-10y20.csv,2,5.0,0.05782,0.05722992028484235,0.9897945396894214,0.00030981607446999905,0.000328927124502594,0.005358285618644051,0.005688812253590349,3.187915118192444,6
poly_bstar_cslog_loggauss,0-2 loggauss,ATLAS_7\ATLAS7-10y20.csv,3,7.0,0.04868,0.04929793614165801,1.0126938402148318,0.0002643520380099234,0.0003317505814833793,0.005430403410228501,0.00681492566728388,3.187915118192444,6
poly_bstar_cslog_loggauss,0-2 loggauss,ATLAS_7\ATLAS7-10y20.csv,4,9.0,0.04047,0.04110507897020404,1.0156925863653086,0.00022205855083738614,0.00034103776589640054,0.005486991619406626,0.008426927746389931,3.187915118192444,6
poly_bstar_cslog_loggauss,0-2 loggauss,ATLAS_7\ATLAS7-10y20.csv,5,11.0,0.03381,0.03405914085113795,1.0073688509653342,0.0001952280717519896,0.0003570026202690625,0.005774270090268844,0.01055908371100451,3.187915118192444,6
poly_bstar_cslog_loggauss,0-2 loggauss,ATLAS_7\ATLAS7-20y24.csv,0,1.0,0.0271,0.028150456407580175,1.038762229061999,0.0004645869132896449,0.0006732678011859253,0.017143428534673242,0.024843830302063663,1.3684738658357982,6
poly_bstar_cslog_loggauss,0-2 loggauss,ATLAS_7\ATLAS7-20y24.csv,1,3.0,0.0568,0.05642231767673867,0.9933506633228639,0.0006450186043828503,0.0007532546713607318,0.011355961344768491,0.013261525904238236,1.3684738658357982,6
poly_bstar_cslog_loggauss,0-2 loggauss,ATLAS_7\ATLAS7-20y24.csv,2,5.0,0.0564,0.05529954315996245,0.9804883539000435,0.0006020373742551205,0.000632828740692015,0.010674421529346109,0.011220367742766224,1.3684738658357982,6
poly_bstar_cslog_loggauss,0-2 loggauss,ATLAS_7\ATLAS7-20y24.csv,3,7.0,0.0471,0.047430504495304844,1.0070170805797207,0.000527175492601847,0.000573751524459231,0.011192685617873607,0.012181561028858406,1.3684738658357982,6
poly_bstar_cslog_loggauss,0-2 loggauss,ATLAS_7\ATLAS7-20y24.csv,4,9.0,0.0395,0.039318911368654404,0.9954154776874532,0.00045592652916890016,0.0005251690174366579,0.011542443776427852,0.013295418162953366,1.3684738658357982,6
poly_bstar_cslog_loggauss,0-2 loggauss,ATLAS_7\ATLAS7-20y24.csv,5,11.0,0.0322,0.03247826689175945,1.0086418289366288,0.00041346100178856046,0.0005013781698317072,0.01284040378225343,0.015570750615891528,1.3684738658357982,6
poly_bstar_cslog_loggauss,0-2 loggauss,ATLAS_8\ATLAS8-00y04.csv,0,1.0,3.257,3.230989456176758,0.9920139564558667,0.09650837798864874,0.1573377662673549,0.029631064780057947,0.04830757330898216,2.7859141113127333,6
poly_bstar_cslog_loggauss,0-2 loggauss,ATLAS_8\ATLAS8-00y04.csv,1,3.0,6.708,6.674510955810547,0.9950075962746789,0.19267263116488548,0.2898168475187069,0.02872281323269014,0.04320465824667664,2.7859141113127333,6
poly_bstar_cslog_loggauss,0-2 loggauss,ATLAS_8\ATLAS8-00y04.csv,2,5.0,6.714,6.728910446166992,1.002220799250371,0.1928449680442816,0.2630940564956666,0.02872281323269014,0.03918588866482969,2.7859141113127333,6
poly_bstar_cslog_loggauss,0-2 loggauss,ATLAS_8\ATLAS8-00y04.csv,3,7.0,5.886,5.8193535804748535,0.9886771288608314,0.16906247868761418,0.21583359718205133,0.02872281323269014,0.036668976755360405,2.7859141113127333,6
poly_bstar_cslog_loggauss,0-2 loggauss,ATLAS_8\ATLAS8-00y04.csv,4,9.0,4.926,4.88672399520874,0.9920267956168778,0.14191668358582757,0.17460329512486872,0.028809720581775795,0.03544524870581987,2.7859141113127333,6
poly_bstar_cslog_loggauss,0-2 loggauss,ATLAS_8\ATLAS8-00y04.csv,5,11.5,3.919,3.910426139831543,0.997812232669442,0.11256470505891268,0.133771039921517,0.028722813232690145,0.034133972932257464,2.7859141113127333,6
poly_bstar_cslog_loggauss,0-2 loggauss,ATLAS_8\ATLAS8-04y08.csv,0,1.0,3.219,3.166692018508911,0.983750238741507,0.09538239752700704,0.15386723516921105,0.029631064780058107,0.04779970027002518,1.2046352683822426,6
poly_bstar_cslog_loggauss,0-2 loggauss,ATLAS_8\ATLAS8-04y08.csv,1,3.0,6.676,6.6102614402771,0.9901530018389904,0.1917535011414394,0.28475671432623917,0.028722813232690145,0.04265379184035937,1.2046352683822426,6
poly_bstar_cslog_loggauss,0-2 loggauss,ATLAS_8\ATLAS8-04y08.csv,2,5.0,6.737,6.699871063232422,0.9944888026172513,0.1935055927486335,0.26018877008007035,0.02872281323269014,0.038620865382228045,1.2046352683822426,6
poly_bstar_cslog_loggauss,0-2 loggauss,ATLAS_8\ATLAS8-04y08.csv,3,7.0,5.872,5.799832820892334,0.987709949062046,0.1691706792561879,0.21413926056537927,0.028809720581775868,0.036467857725711726,1.2046352683822426,6
poly_bstar_cslog_loggauss,0-2 loggauss,ATLAS_8\ATLAS8-04y08.csv,4,9.0,4.863,4.861044883728027,0.9995979608735404,0.14010167118917605,0.17182186710826886,0.028809720581775864,0.03533248346869604,1.2046352683822426,6
poly_bstar_cslog_loggauss,0-2 loggauss,ATLAS_8\ATLAS8-04y08.csv,5,11.5,3.893,3.8815860748291016,0.9970680901179301,0.11181791191486228,0.13232567559442876,0.02872281323269003,0.033990669302447665,1.2046352683822426,6
poly_bstar_cslog_loggauss,0-2 loggauss,ATLAS_8\ATLAS8-08y12.csv,0,1.0,3.122,3.051121473312378,0.9772970766535484,0.09287622053033812,0.14736186924317668,0.029748949561287034,0.04720111122459215,0.6951059305091287,6
poly_bstar_cslog_loggauss,0-2 loggauss,ATLAS_8\ATLAS8-08y12.csv,1,3.0,6.462,6.391265392303467,0.9890537592546375,0.18706346001290552,0.2730244284975645,0.028948229652260217,0.042250762689192894,0.6951059305091287,6
poly_bstar_cslog_loggauss,0-2 loggauss,ATLAS_8\ATLAS8-08y12.csv,2,5.0,6.548,6.491358280181885,0.9913497678958284,0.18807698104765505,0.2505194593658281,0.02872281323269014,0.03825892782007149,0.6951059305091287,6
poly_bstar_cslog_loggauss,0-2 loggauss,ATLAS_8\ATLAS8-08y12.csv,3,7.0,5.647,5.625805854797363,0.9962468310248562,0.16268849212528833,0.2052826153907371,0.028809720581775868,0.036352508480739704,0.6951059305091287,6
poly_bstar_cslog_loggauss,0-2 loggauss,ATLAS_8\ATLAS8-08y12.csv,4,9.0,4.716,4.710680961608887,0.9988721292639708,0.13586664226365464,0.1656971116318127,0.02880972058177579,0.035135095765863586,0.6951059305091287,6
poly_bstar_cslog_loggauss,0-2 loggauss,ATLAS_8\ATLAS8-08y12.csv,5,11.5,3.735,3.754370927810669,1.0051863260537266,0.1076043063729324,0.12698852048997816,0.028809720581775746,0.03399960387951223,0.6951059305091287,6
poly_bstar_cslog_loggauss,0-2 loggauss,ATLAS_8\ATLAS8-116Q150.csv,0,1.0,0.1207,0.12090515345335007,1.0016996972108538,0.007523448488558953,0.00844949115941066,0.06233180189361187,0.07000406925775195,0.5372241085002102,8
poly_bstar_cslog_loggauss,0-2 loggauss,ATLAS_8\ATLAS8-116Q150.csv,1,3.0,0.2567,0.26060596108436584,1.0152160540879076,0.009212667081795587,0.011646166609241806,0.03588884722164234,0.0453687830511952,0.5372241085002102,8
poly_bstar_cslog_loggauss,0-2 loggauss,ATLAS_8\ATLAS8-116Q150.csv,2,5.0,0.2719,0.27429869771003723,1.0088219849578421,0.00895623945861208,0.01094949819413003,0.03293946104675278,0.0402703133289078,0.5372241085002102,8
poly_bstar_cslog_loggauss,0-2 loggauss,ATLAS_8\ATLAS8-116Q150.csv,3,7.0,0.2426,0.24558167159557343,1.012290484730311,0.007991217043729949,0.009424576879643893,0.03293988888594373,0.03884821467289321,0.5372241085002102,8
poly_bstar_cslog_loggauss,0-2 loggauss,ATLAS_8\ATLAS8-116Q150.csv,4,9.0,0.2161,0.2115112841129303,0.9787657756267021,0.007328171916651519,0.008325414955305966,0.03391102228899361,0.03852575175986102,0.5372241085002102,8
poly_bstar_cslog_loggauss,0-2 loggauss,ATLAS_8\ATLAS8-116Q150.csv,5,11.5,0.1721,0.1740114837884903,1.011106820386347,0.0056688267251698565,0.006386460624165469,0.03293914424851747,0.037109010018393195,0.5372241085002102,8
poly_bstar_cslog_loggauss,0-2 loggauss,ATLAS_8\ATLAS8-116Q150.csv,6,14.5,0.1398,0.13860715925693512,0.9914675197205659,0.00471399420449368,0.005189436785101124,0.03371955797205779,0.037120434800437224,0.5372241085002102,8
poly_bstar_cslog_loggauss,0-2 loggauss,ATLAS_8\ATLAS8-116Q150.csv,7,18.0,0.1078,0.10813473165035248,1.0031051173502084,0.003591482223261031,0.003913178111574858,0.03331616162579806,0.036300353539655446,0.5372241085002102,8
poly_bstar_cslog_loggauss,0-2 loggauss,ATLAS_8\ATLAS8-12y16.csv,0,1.0,2.563,2.506134510040283,0.9778129184706528,0.07624655772557866,0.11818898579208216,0.029748949561287027,0.04611353327822167,1.3859957715759486,6
poly_bstar_cslog_loggauss,0-2 loggauss,ATLAS_8\ATLAS8-12y16.csv,1,3.0,5.341,5.222316265106201,0.9777787427646885,0.1550730630477131,0.2211905133727093,0.02903446228191595,0.041413689079331455,1.3859957715759486,6
poly_bstar_cslog_loggauss,0-2 loggauss,ATLAS_8\ATLAS8-12y16.csv,2,5.0,5.332,5.3040971755981445,0.9947669121526903,0.15389079437055356,0.20263616832646758,0.028861739379323625,0.03800378250683938,1.3859957715759486,6
poly_bstar_cslog_loggauss,0-2 loggauss,ATLAS_8\ATLAS8-12y16.csv,3,7.0,4.647,4.6293110847473145,0.9961934763820345,0.13298866406953638,0.166695252485542,0.028618176042508367,0.035871584352386916,1.3859957715759486,6
poly_bstar_cslog_loggauss,0-2 loggauss,ATLAS_8\ATLAS8-12y16.csv,4,9.0,3.923,3.901336193084717,0.994477744859729,0.11247453773187913,0.13643691139523753,0.02867054237366279,0.03477871817365219,1.3859957715759486,6
poly_bstar_cslog_loggauss,0-2 loggauss,ATLAS_8\ATLAS8-12y16.csv,5,11.5,3.152,3.13232684135437,0.9937585156581124,0.08970749266365659,0.1053652467967095,0.028460498941515415,0.03342806053195098,1.3859957715759486,6
poly_bstar_cslog_loggauss,0-2 loggauss,ATLAS_8\ATLAS8-16y20.csv,0,1.0,1.639,1.6159803867340088,0.9859550864759052,0.04965926578192634,0.07418147695929625,0.030298514815086233,0.04526020558834427,0.9442346694126833,6
poly_bstar_cslog_loggauss,0-2 loggauss,ATLAS_8\ATLAS8-16y20.csv,1,3.0,3.394,3.3216819763183594,0.9786923913725277,0.09958946829861078,0.1366211219840578,0.02934280150224242,0.04025371891103647,0.9442346694126833,6
poly_bstar_cslog_loggauss,0-2 loggauss,ATLAS_8\ATLAS8-16y20.csv,2,5.0,3.417,3.338599681854248,0.9770558038789138,0.09796724329080614,0.12505439291476447,0.028670542373662903,0.0365977152223484,0.9442346694126833,6
poly_bstar_cslog_loggauss,0-2 loggauss,ATLAS_8\ATLAS8-16y20.csv,3,7.0,2.942,2.9061450958251953,0.987812745011963,0.08557124484311304,0.10401106380732918,0.029086079144497973,0.035353862612960286,0.9442346694126833,6
poly_bstar_cslog_loggauss,0-2 loggauss,ATLAS_8\ATLAS8-16y20.csv,4,9.0,2.472,2.442915678024292,0.9882344975826424,0.07117471416170211,0.08445345147637069,0.028792360097775936,0.0341640175875286,0.9442346694126833,6
poly_bstar_cslog_loggauss,0-2 loggauss,ATLAS_8\ATLAS8-16y20.csv,5,11.5,2.001,1.9632000923156738,0.9811094914121309,0.05736975528969947,0.06614117565786308,0.028670542373662903,0.03305406079853228,0.9442346694126833,6
poly_bstar_cslog_loggauss,0-2 loggauss,ATLAS_8\ATLAS8-20y24.csv,0,1.0,0.5629,0.5444625020027161,0.9672455178587958,0.018838045929448204,0.02576890284765147,0.033466061342064674,0.04577882900630924,0.8501141178291438,6
poly_bstar_cslog_loggauss,0-2 loggauss,ATLAS_8\ATLAS8-20y24.csv,1,3.0,1.141,1.1034613847732544,0.9671002495821686,0.034963784963873694,0.045150636928484186,0.030643106892089128,0.03957111036676966,0.8501141178291438,6
poly_bstar_cslog_loggauss,0-2 loggauss,ATLAS_8\ATLAS8-20y24.csv,2,5.0,1.12,1.0956426858901978,0.9782523981162479,0.03318679255366508,0.040684270541876504,0.029631064780058104,0.03632524155524688,0.8501141178291438,6
poly_bstar_cslog_loggauss,0-2 loggauss,ATLAS_8\ATLAS8-20y24.csv,3,7.0,0.9583,0.9503807425498962,0.9917361395699636,0.02863692320693688,0.03376920796902853,0.02988304623493361,0.03523866009498959,0.8501141178291438,6
poly_bstar_cslog_loggauss,0-2 loggauss,ATLAS_8\ATLAS8-20y24.csv,4,9.0,0.8113,0.79495769739151,0.9798566466060766,0.024039709855986198,0.0277349099397366,0.029631098059886844,0.034185763515021075,0.8501141178291438,6
poly_bstar_cslog_loggauss,0-2 loggauss,ATLAS_8\ATLAS8-20y24.csv,5,11.5,0.6506,0.6360027194023132,0.9775633559826519,0.01913490366424404,0.021620425669137508,0.029411164562317925,0.03323151808966725,0.8501141178291438,6
poly_bstar_cslog_loggauss,0-2 loggauss,ATLAS_8\ATLAS8-46Q66.csv,0,1.0,0.6548,0.653149425983429,0.9974792699808016,0.04022067931251286,0.04388075473671573,0.06142437280469282,0.06701398096627326,0.42266680463934614,4
poly_bstar_cslog_loggauss,0-2 loggauss,ATLAS_8\ATLAS8-46Q66.csv,1,3.0,1.231,1.2400312423706055,1.0073365088307111,0.0411603401103538,0.0495696271247283,0.03343650699460097,0.04026777183162331,0.42266680463934614,4
poly_bstar_cslog_loggauss,0-2 loggauss,ATLAS_8\ATLAS8-46Q66.csv,2,5.0,1.116,1.1389634609222412,1.0205765778873128,0.03623134863622937,0.04216389322553955,0.03246536616149585,0.037781266331128625,0.42266680463934614,4
poly_bstar_cslog_loggauss,0-2 loggauss,ATLAS_8\ATLAS8-46Q66.csv,3,7.0,0.8866,0.9038333296775818,1.0194375475722781,0.029204302611772807,0.032962476830217115,0.03293966006290639,0.03717852112589343,0.42266680463934614,4
poly_bstar_cslog_loggauss,0-2 loggauss,CDF_I\CDF1.csv,0,0.25,3.35,3.3778955936431885,1.0083270428785638,0.5555802574786113,0.5667492883486261,0.16584485297868992,0.169178892044366,0.4932858898524943,25
poly_bstar_cslog_loggauss,0-2 loggauss,CDF_I\CDF1.csv,1,0.75,10.1,9.692933082580566,0.9596963448099571,1.0747824012329195,1.1205738181664915,0.10641409913197222,0.11094790278876154,0.4932858898524943,25
poly_bstar_cslog_loggauss,0-2 loggauss,CDF_I\CDF1.csv,2,1.25,14.8,14.845155715942383,1.0030510618879989,1.3316004806247255,1.4132428825548558,0.08997300544761658,0.09548938395640917,0.4932858898524943,25
poly_bstar_cslog_loggauss,0-2 loggauss,CDF_I\CDF1.csv,3,1.75,19.4,18.48227310180664,0.9526944897838475,1.5913653131823629,1.6895871928530455,0.08202913985476097,0.08709212334294049,0.4932858898524943,25
poly_bstar_cslog_loggauss,0-2 loggauss,CDF_I\CDF1.csv,4,2.25,20.2,20.620243072509766,1.0208041125004834,1.6064335778363201,1.7160375386691056,0.07952641474437229,0.08495235339946068,0.4932858898524943,25
poly_bstar_cslog_loggauss,0-2 loggauss,CDF_I\CDF1.csv,5,2.75,23.6,21.502079010009766,0.9111050427970239,1.7598682223393887,1.8583899736372742,0.07457068738726223,0.07874533786598618,0.4932858898524943,25
poly_bstar_cslog_loggauss,0-2 loggauss,CDF_I\CDF1.csv,6,3.25,23.6,21.446319580078125,0.9087423550880561,1.6754510318120313,1.7682386472528207,0.07099368778864538,0.07492536640901781,0.4932858898524943,25
poly_bstar_cslog_loggauss,0-2 loggauss,CDF_I\CDF1.csv,7,3.75,23.0,20.756181716918945,0.902442683344302,1.6627113399505038,1.742545373273091,0.07229179738915234,0.07576284231622134,0.4932858898524943,25
poly_bstar_cslog_loggauss,0-2 loggauss,CDF_I\CDF1.csv,8,4.25,19.9,19.68559455871582,0.9892258572219006,1.5140446525779878,1.5865426039423582,0.07608264585819034,0.07972575899207832,0.4932858898524943,25
poly_bstar_cslog_loggauss,0-2 loggauss,CDF_I\CDF1.csv,9,4.75,19.3,18.42540168762207,0.9546840252653922,1.4165300173310835,1.4798148974105914,0.07339533768554837,0.07667434701609281,0.4932858898524943,25
poly_bstar_cslog_loggauss,0-2 loggauss,CDF_I\CDF1.csv,10,5.25,17.9,17.13870620727539,0.9574696205181783,1.3882880140662457,1.4410836090637766,0.07755798961263943,0.08050746419350709,0.4932858898524943,25
poly_bstar_cslog_loggauss,0-2 loggauss,CDF_I\CDF1.csv,11,5.75,18.0,15.890121459960938,0.8827845255533854,1.3902532143462212,1.4335660576605005,0.07723628968590118,0.0796425587589167,0.4932858898524943,25
poly_bstar_cslog_loggauss,0-2 loggauss,CDF_I\CDF1.csv,12,6.25,14.6,14.734441757202148,1.0092083395343938,1.1507460015138007,1.193936255531216,0.07881821928176717,0.08177645585830247,0.4932858898524943,25
poly_bstar_cslog_loggauss,0-2 loggauss,CDF_I\CDF1.csv,13,6.75,14.5,13.695098876953125,0.9444895777209051,1.148821243710265,1.1852757069497182,0.0792290512903631,0.08174315220342884,0.4932858898524943,25
poly_bstar_cslog_loggauss,0-2 loggauss,CDF_I\CDF1.csv,14,7.25,13.5,12.751993179321289,0.9445920873571325,1.1301337310247845,1.1615160162649587,0.0837136097055396,0.08603822342703397,0.4932858898524943,25
poly_bstar_cslog_loggauss,0-2 loggauss,CDF_I\CDF1.csv,15,7.75,13.7,11.883506774902344,0.8674092536425069,1.1337885561249945,1.1605475443841964,0.08275828876824778,0.08471149959008734,0.4932858898524943,25
poly_bstar_cslog_loggauss,0-2 loggauss,CDF_I\CDF1.csv,16,8.25,11.9,11.06983757019043,0.9302384512765066,1.012614837931975,1.0380065623987471,0.08509368385982984,0.0872274422183821,0.4932858898524943,25
poly_bstar_cslog_loggauss,0-2 loggauss,CDF_I\CDF1.csv,17,8.75,10.4,10.321873664855957,0.9924878523899958,0.9871734194152515,1.009178672727149,0.09492052109762034,0.09703641083914893,0.4932858898524943,25
poly_bstar_cslog_loggauss,0-2 loggauss,CDF_I\CDF1.csv,18,9.25,11.1,9.608338356018066,0.8656160681097358,0.9987003604685442,1.0169507385854035,0.08997300544761659,0.09161718365634267,0.4932858898524943,25
poly_bstar_cslog_loggauss,0-2 loggauss,CDF_I\CDF1.csv,19,9.75,9.56,8.932211875915527,0.9343317861836326,0.9007828071183418,0.9173005877777782,0.09422414300401065,0.09595194432821948,0.4932858898524943,25
poly_bstar_cslog_loggauss,0-2 loggauss,CDF_I\CDF1.csv,20,10.25,8.35,8.304288864135742,0.9945256124713464,0.8268300445073341,0.8420734933180154,0.0990215622164472,0.10084712494826532,0.4932858898524943,25
poly_bstar_cslog_loggauss,0-2 loggauss,CDF_I\CDF1.csv,21,10.75,7.82,7.73166561126709,0.9887040423615204,0.8003829086131212,0.8135019777708598,0.10235075557712547,0.104028385904202,0.4932858898524943,25
poly_bstar_cslog_loggauss,0-2 loggauss,CDF_I\CDF1.csv,22,11.25,8.18,7.21432638168335,0.8819469904258374,0.8242413241278309,0.8349478973827896,0.10076299805963704,0.10207187009569556,0.4932858898524943,25
poly_bstar_cslog_loggauss,0-2 loggauss,CDF_I\CDF1.csv,23,11.75,7.48,6.755533695220947,0.9031462159386293,0.7768529837749225,0.786541565829899,0.10385735077204845,0.10515261575266029,0.4932858898524943,25
poly_bstar_cslog_loggauss,0-2 loggauss,CDF_I\CDF1.csv,24,12.5,7.21,6.159980297088623,0.8543661993188104,0.5999731794838833,0.6100909421099959,0.08321403321551779,0.08461732900277336,0.4932858898524943,25
poly_bstar_cslog_loggauss,0-2 loggauss,CDF_II\CDF2.csv,0,0.25,3.613,3.5636162757873535,0.9863316567360514,0.27085398080146433,0.2956743920221479,0.0749665045118916,0.0818362557492798,0.7385132821823961,26
poly_bstar_cslog_loggauss,0-2 loggauss,CDF_II\CDF2.csv,1,0.75,10.08,10.231919288635254,1.0150713579995292,0.6516931253281716,0.7331512088036057,0.0646520957666837,0.07273325484162756,0.7385132821823961,26
poly_bstar_cslog_loggauss,0-2 loggauss,CDF_II\CDF2.csv,2,1.25,15.51,15.690840721130371,1.0116596209626287,0.9698681232002628,1.0919525192236565,0.06253179388783126,0.07040312825426541,0.7385132821823961,26
poly_bstar_cslog_loggauss,0-2 loggauss,CDF_II\CDF2.csv,3,1.75,19.47,19.569141387939453,1.0050920075983285,1.2034235113209313,1.345726342119397,0.061809117171080195,0.069117942584458,0.7385132821823961,26
poly_bstar_cslog_loggauss,0-2 loggauss,CDF_II\CDF2.csv,4,2.25,21.58,21.880525588989258,1.0139261162645625,1.3277057993395975,1.4744691306092856,0.061524828514346507,0.06832572430997617,0.7385132821823961,26
poly_bstar_cslog_loggauss,0-2 loggauss,CDF_II\CDF2.csv,5,2.75,22.95,22.872730255126953,0.9966331265850524,1.4088034674857952,1.5457495713710614,0.061385772003738355,0.06735292249982838,0.7385132821823961,26
poly_bstar_cslog_loggauss,0-2 loggauss,CDF_II\CDF2.csv,6,3.25,22.58,22.874425888061523,1.0130392333065334,1.3840725882698492,1.5100896206301453,0.06129639452036534,0.06687730826528544,0.7385132821823961,26
poly_bstar_cslog_loggauss,0-2 loggauss,CDF_II\CDF2.csv,7,3.75,22.35,22.201005935668945,0.9933335989113622,1.3714567765700825,1.4808498921691788,0.06136271930962337,0.06625726586886706,0.7385132821823961,26
poly_bstar_cslog_loggauss,0-2 loggauss,CDF_II\CDF2.csv,8,4.25,20.61,21.117971420288086,1.0246468423235364,1.26883148778709,1.3672061079469668,0.06156387616628288,0.06633702610125991,0.7385132821823961,26
poly_bstar_cslog_loggauss,0-2 loggauss,CDF_II\CDF2.csv,9,4.75,19.87,19.824726104736328,0.9977214949540175,1.2238317088554291,1.3076259848798437,0.06159193300731903,0.06580905812178378,0.7385132821823961,26
poly_bstar_cslog_loggauss,0-2 loggauss,CDF_II\CDF2.csv,10,5.25,18.76,18.492692947387695,0.9857512232082992,1.158670827457048,1.2311712086247737,0.06176283728449083,0.06562746314630989,0.7385132821823961,26
poly_bstar_cslog_loggauss,0-2 loggauss,CDF_II\CDF2.csv,11,5.75,17.29,17.1912784576416,0.9942902520324813,1.0724495104199545,1.1367887483245893,0.062027155027180716,0.0657483370922261,0.7385132821823961,26
poly_bstar_cslog_loggauss,0-2 loggauss,CDF_II\CDF2.csv,12,6.25,15.63,15.979377746582031,1.0223530228139495,0.9745844096844564,1.0332686677682998,0.062353449116088054,0.06610804016431861,0.7385132821823961,26
poly_bstar_cslog_loggauss,0-2 loggauss,CDF_II\CDF2.csv,13,6.75,14.68,14.879131317138672,1.0135648036198006,0.9184498209483194,0.9710453937700488,0.0625647016994768,0.06614750638760551,0.7385132821823961,26
poly_bstar_cslog_loggauss,0-2 loggauss,CDF_II\CDF2.csv,14,7.25,13.74,13.88313102722168,1.0104171053290887,0.8629492953818318,0.9102829879580557,0.06280562557364133,0.06625058136521511,0.7385132821823961,26
poly_bstar_cslog_loggauss,0-2 loggauss,CDF_II\CDF2.csv,15,7.75,13.07,12.9556303024292,0.9912494493059831,0.8255634219125749,0.8680499639416122,0.06316476066660864,0.06641545248214324,0.7385132821823961,26
poly_bstar_cslog_loggauss,0-2 loggauss,CDF_II\CDF2.csv,16,8.25,11.83,12.088303565979004,1.021834620961877,0.7507250492690384,0.7901490088066567,0.0634594293549483,0.06679197031332686,0.7385132821823961,26
poly_bstar_cslog_loggauss,0-2 loggauss,CDF_II\CDF2.csv,17,8.75,11.12,11.290101051330566,1.0152968571340437,0.7077947453888026,0.7433190153452045,0.06365060659971247,0.06684523519291408,0.7385132821823961,26
poly_bstar_cslog_loggauss,0-2 loggauss,CDF_II\CDF2.csv,18,9.25,10.33,10.528676986694336,1.019233009360536,0.6623207226110324,0.6942909453278636,0.06411623645798958,0.06721112733086773,0.7385132821823961,26
poly_bstar_cslog_loggauss,0-2 loggauss,CDF_II\CDF2.csv,19,9.75,10.24,9.810077667236328,0.9580153971910477,0.6616199561681918,0.6874575716404945,0.06461132384454998,0.06713452848051704,0.7385132821823961,26
poly_bstar_cslog_loggauss,0-2 loggauss,CDF_II\CDF2.csv,20,10.25,9.043,9.130962371826172,1.0097271228382365,0.5860596864108638,0.6111818249287213,0.06480810421440494,0.06758617991028656,0.7385132821823961,26
poly_bstar_cslog_loggauss,0-2 loggauss,CDF_II\CDF2.csv,21,10.75,8.295,8.517309188842773,1.0268003844295086,0.5402627435794551,0.5630066013236109,0.06513113243875288,0.06787300799561313,0.7385132821823961,26
poly_bstar_cslog_loggauss,0-2 loggauss,CDF_II\CDF2.csv,22,11.25,8.319,7.961331844329834,0.9570058714184196,0.5451185008821476,0.56411576337085,0.0655269264192989,0.067810525708721,0.7385132821823961,26
poly_bstar_cslog_loggauss,0-2 loggauss,CDF_II\CDF2.csv,23,11.75,7.78,7.466209411621094,0.9596670194885725,0.512151869663677,0.5294196024331852,0.06582928915985566,0.06804879208652766,0.7385132821823961,26
poly_bstar_cslog_loggauss,0-2 loggauss,CDF_II\CDF2.csv,24,12.25,7.465,7.022457122802734,0.9407176319896496,0.4947403570561027,0.5102141756624591,0.06627466270008074,0.06834751181010838,0.7385132821823961,26
poly_bstar_cslog_loggauss,0-2 loggauss,CDF_II\CDF2.csv,25,12.75,6.839,6.619261264801025,0.9678697565142601,0.45642824435391816,0.4710970011245731,0.06673903265885628,0.06888390131957495,0.7385132821823961,26
poly_bstar_cslog_loggauss,0-2 loggauss,CMS_7\CMS7.csv,0,1.25,0.0322,0.032589502292550365,1.0120963444891418,0.0013,0.0013553485543208008,0.040372670807453416,0.042091570009962755,1.4526409696475016,4
poly_bstar_cslog_loggauss,0-2 loggauss,CMS_7\CMS7.csv,1,3.75,0.0592,0.05886866139671691,0.9944030641337316,0.0017,0.0017101209278179723,0.028716216216216214,0.028887177834763043,1.4526409696475016,4
poly_bstar_cslog_loggauss,0-2 loggauss,CMS_7\CMS7.csv,2,6.25,0.055,0.05244794923317518,0.9535990769668214,0.0016,0.0016132241965648758,0.02909090909090909,0.02933134902845229,1.4526409696475016,4
poly_bstar_cslog_loggauss,0-2 loggauss,CMS_7\CMS7.csv,3,8.75,0.0396,0.04209388707755753,1.062976946402968,0.0014,0.001442961578314554,0.03535353535353535,0.03643842369481197,1.4526409696475016,4
poly_bstar_cslog_loggauss,0-2 loggauss,CMS_8\CMS8.csv,0,1.25,0.033355,0.030827613986461264,0.9242276716072931,0.002059,0.0020911948826766043,0.06172987558087243,0.06269509466876343,0.7585226518064552,4
poly_bstar_cslog_loggauss,0-2 loggauss,CMS_8\CMS8.csv,1,3.75,0.055348,0.05628410400722598,1.016913059319686,0.002641,0.00264705774180669,0.047716267977162684,0.04782571622834953,0.7585226518064552,4
poly_bstar_cslog_loggauss,0-2 loggauss,CMS_8\CMS8.csv,2,6.25,0.051878,0.05083317489958474,0.9798599579703292,0.002499,0.0025076618272747305,0.04817070820000771,0.04833767352779079,0.7585226518064552,4
poly_bstar_cslog_loggauss,0-2 loggauss,CMS_8\CMS8.csv,3,8.75,0.038596,0.04123210710672801,1.0683000079471452,0.002291,0.002313513706286964,0.05935848274432584,0.05994179983125101,0.7585226518064552,4
poly_bstar_cslog_loggauss,0-2 loggauss,CMS_13\CMS13-00y04.csv,0,1.5,5.4144,5.350025653839111,0.988110530038252,0.14453016248866532,0.2803941808868738,0.026693661807155978,0.05178675031155323,1.4214751642573307,13
poly_bstar_cslog_loggauss,0-2 loggauss,CMS_13\CMS13-00y04.csv,1,2.5,7.1788,7.359207630157471,1.0251306109875566,0.18929998471473788,0.3557490986872741,0.026369307504699655,0.04955551048744555,1.4214751642573307,13
poly_bstar_cslog_loggauss,0-2 loggauss,CMS_13\CMS13-00y04.csv,2,3.5,8.201,8.191864013671875,0.9988859911805724,0.2157199834275907,0.3709742316613387,0.026304107234189817,0.04523524346559428,1.4214751642573307,13
poly_bstar_cslog_loggauss,0-2 loggauss,CMS_13\CMS13-00y04.csv,3,4.5,8.3718,8.276280403137207,0.9885903154802081,0.2198498494268304,0.3526471912833691,0.02626076225266136,0.04212322216051137,1.4214751642573307,13
poly_bstar_cslog_loggauss,0-2 loggauss,CMS_13\CMS13-00y04.csv,4,5.5,8.0368,7.977657794952393,0.9926410754221074,0.21081990060001451,0.321696908555381,0.026231821197493347,0.040027984839162485,1.4214751642573307,13
poly_bstar_cslog_loggauss,0-2 loggauss,CMS_13\CMS13-00y04.csv,5,6.5,7.5933,7.516521453857422,0.9898886457610554,0.19928998724534555,0.2897983255465833,0.026245504226798038,0.038165004088681245,1.4214751642573307,13
poly_bstar_cslog_loggauss,0-2 loggauss,CMS_13\CMS13-00y04.csv,6,7.5,7.0989,6.998599529266357,0.9858709841336485,0.1865201224379021,0.2620422660457662,0.026274510478792784,0.036913080342837086,1.4214751642573307,13
poly_bstar_cslog_loggauss,0-2 loggauss,CMS_13\CMS13-00y04.csv,7,8.5,6.6078,6.472829341888428,0.9795740400569671,0.1737299822425594,0.23754644347590242,0.02629165262909885,0.035949399720921094,1.4214751642573307,13
poly_bstar_cslog_loggauss,0-2 loggauss,CMS_13\CMS13-00y04.csv,8,9.5,6.0727,5.968880653381348,0.9829039230295169,0.15944002014315603,0.21581994477078456,0.026255211049970528,0.03553937207021334,1.4214751642573307,13
poly_bstar_cslog_loggauss,0-2 loggauss,CMS_13\CMS13-00y04.csv,9,10.5,5.53,5.4972991943359375,0.9940866535869688,0.14483011364008522,0.19106316836088008,0.02618989396746568,0.03455030169274504,1.4214751642573307,13
poly_bstar_cslog_loggauss,0-2 loggauss,CMS_13\CMS13-00y04.csv,10,11.5,5.0928,5.073944091796875,0.9962975360895528,0.13322001078666823,0.17275800151552229,0.026158500390093507,0.033922007837637894,1.4214751642573307,13
poly_bstar_cslog_loggauss,0-2 loggauss,CMS_13\CMS13-00y04.csv,11,12.5,4.7779,4.691043853759766,0.9818212716381184,0.12507999770247039,0.15873920413298223,0.026178864710954684,0.033223634679039375,1.4214751642573307,13
poly_bstar_cslog_loggauss,0-2 loggauss,CMS_13\CMS13-00y04.csv,12,13.5,4.4556,4.338986873626709,0.9738277389412671,0.11687013108574791,0.14581895859481717,0.026229942339022337,0.0327271206111,1.4214751642573307,13
poly_bstar_cslog_loggauss,0-2 loggauss,CMS_13\CMS13-04y08.csv,0,1.5,5.4329,5.30374002456665,0.9762263293207404,0.1887201689175007,0.2951980810861722,0.03473654381959924,0.054335268656918435,0.8437169238342235,13
poly_bstar_cslog_loggauss,0-2 loggauss,CMS_13\CMS13-04y08.csv,1,2.5,7.1818,7.297369956970215,1.0160920600643593,0.2309402272840312,0.3664630809777068,0.03215631558718305,0.0510266341276152,0.8437169238342235,13
poly_bstar_cslog_loggauss,0-2 loggauss,CMS_13\CMS13-04y08.csv,2,3.5,8.0824,8.119417190551758,1.00457997507569,0.24707997666342776,0.37735979670915515,0.030570124797514076,0.04668907709457032,0.8437169238342235,13
poly_bstar_cslog_loggauss,0-2 loggauss,CMS_13\CMS13-04y08.csv,3,4.5,8.3632,8.19922924041748,0.9803937775513535,0.2454301321354002,0.3587450554149881,0.029346438221661584,0.042895668573630676,0.8437169238342235,13
poly_bstar_cslog_loggauss,0-2 loggauss,CMS_13\CMS13-04y08.csv,4,5.5,8.0324,7.901976585388184,0.9837628336970498,0.23092994043432305,0.32523430221586036,0.028749805840635804,0.040490302053665196,0.8437169238342235,13
poly_bstar_cslog_loggauss,0-2 loggauss,CMS_13\CMS13-04y08.csv,5,6.5,7.4913,7.445060729980469,0.9938276040180568,0.21235994668310218,0.2907570040790782,0.028347542707287413,0.03881262318677375,0.8437169238342235,13
poly_bstar_cslog_loggauss,0-2 loggauss,CMS_13\CMS13-04y08.csv,6,7.5,7.0534,6.931465148925781,0.9827126136226191,0.19552983524260434,0.2620112117694197,0.027721359237049416,0.037146796122355136,0.8437169238342235,13
poly_bstar_cslog_loggauss,0-2 loggauss,CMS_13\CMS13-04y08.csv,7,8.5,6.5501,6.409225940704346,0.9784928383848103,0.17904004631995044,0.23598401757601403,0.027333940904711446,0.03602754424757088,0.8437169238342235,13
poly_bstar_cslog_loggauss,0-2 loggauss,CMS_13\CMS13-04y08.csv,8,9.5,6.0142,5.9083380699157715,0.9823980030454211,0.16356015870926513,0.21424622786573932,0.02719566338154121,0.035623395940563886,0.8437169238342235,13
poly_bstar_cslog_loggauss,0-2 loggauss,CMS_13\CMS13-04y08.csv,9,10.5,5.4894,5.4399237632751465,0.9909869499900074,0.14839001370038316,0.1898458068415476,0.027032100721460117,0.03458407236520341,0.8437169238342235,13
poly_bstar_cslog_loggauss,0-2 loggauss,CMS_13\CMS13-04y08.csv,10,11.5,5.0296,5.019524097442627,0.9979966791479693,0.1352998508868358,0.1708754145785332,0.02690071792723791,0.033973957089735406,0.8437169238342235,13
poly_bstar_cslog_loggauss,0-2 loggauss,CMS_13\CMS13-04y08.csv,11,12.5,4.7821,4.638751029968262,0.970023845165986,0.12885989033539488,0.15876085312032812,0.026946297721794795,0.033198982271455665,0.8437169238342235,13
poly_bstar_cslog_loggauss,0-2 loggauss,CMS_13\CMS13-04y08.csv,12,13.5,4.4376,4.288539409637451,0.9664096380109635,0.11978997854578653,0.14576695735982212,0.02699431642008891,0.032848151559361397,0.8437169238342235,13
poly_bstar_cslog_loggauss,0-2 loggauss,CMS_13\CMS13-08y12.csv,0,1.5,5.3403,5.203244209289551,0.9743355634120837,0.18519019461421277,0.2784339290555815,0.03467786353092762,0.05213825610088974,0.46476965683079136,13
poly_bstar_cslog_loggauss,0-2 loggauss,CMS_13\CMS13-08y12.csv,1,2.5,7.1761,7.1753058433532715,0.9998893331131494,0.23720016227703133,0.3532572744868503,0.03305418852538723,0.04922691635942229,0.46476965683079136,13
poly_bstar_cslog_loggauss,0-2 loggauss,CMS_13\CMS13-08y12.csv,2,3.5,8.0962,7.987642765045166,0.9865915818587938,0.259419906547281,0.3692437265482997,0.032042181090793334,0.045607041148724055,0.46476965683079136,13
poly_bstar_cslog_loggauss,0-2 loggauss,CMS_13\CMS13-08y12.csv,3,4.5,8.2121,8.06497859954834,0.9820848016400604,0.25763970621635557,0.3520481307245864,0.03137318179471214,0.04286944030450024,0.46476965683079136,13
poly_bstar_cslog_loggauss,0-2 loggauss,CMS_13\CMS13-08y12.csv,4,5.5,7.8929,7.772177219390869,0.984704889127047,0.24269996311340883,0.3216657662434539,0.03074914962984566,0.04075381244453292,0.46476965683079136,13
poly_bstar_cslog_loggauss,0-2 loggauss,CMS_13\CMS13-08y12.csv,5,6.5,7.4519,7.322678565979004,0.9826592635407082,0.22592001716592092,0.29120064371202564,0.030317102640389823,0.039077368686110336,0.46476965683079136,13
poly_bstar_cslog_loggauss,0-2 loggauss,CMS_13\CMS13-08y12.csv,6,7.5,6.8903,6.816076278686523,0.9892277954060815,0.20709026716929504,0.2630507486196348,0.030055333899727886,0.0381769659694984,0.46476965683079136,13
poly_bstar_cslog_loggauss,0-2 loggauss,CMS_13\CMS13-08y12.csv,7,8.5,6.435,6.299351215362549,0.978920157787498,0.19095988413800397,0.23891682817156623,0.02967519567024149,0.03712771222557362,0.46476965683079136,13
poly_bstar_cslog_loggauss,0-2 loggauss,CMS_13\CMS13-08y12.csv,8,9.5,5.8886,5.801140785217285,0.9851477066225053,0.17356989102376022,0.2170662990795994,0.029475578409768062,0.03686212326862062,0.46476965683079136,13
poly_bstar_cslog_loggauss,0-2 loggauss,CMS_13\CMS13-08y12.csv,9,10.5,5.3966,5.339519023895264,0.9894227891441395,0.15950983187879048,0.1942810976974438,0.029557468012969365,0.036000648129830594,0.46476965683079136,13
poly_bstar_cslog_loggauss,0-2 loggauss,CMS_13\CMS13-08y12.csv,10,11.5,4.9616,4.924365997314453,0.9924955654052027,0.1462600992273696,0.17597386459089542,0.02947841406549694,0.03546716071245071,0.46476965683079136,13
poly_bstar_cslog_loggauss,0-2 loggauss,CMS_13\CMS13-08y12.csv,11,12.5,4.6803,4.549422264099121,0.972036464350388,0.13562993903357032,0.16123225350253342,0.028978898582050366,0.03444912794105793,0.46476965683079136,13
poly_bstar_cslog_loggauss,0-2 loggauss,CMS_13\CMS13-08y12.csv,12,13.5,4.1476,4.204705715179443,1.0137683757304088,0.11755991209591814,0.14102035680817504,0.028344081419596427,0.03400047179288626,0.46476965683079136,13
poly_bstar_cslog_loggauss,0-2 loggauss,CMS_13\CMS13-106Q170.csv,0,1.0,0.3316,0.3615495562553406,1.0903183240510874,0.006963853648663217,0.013649129477321987,0.02100076492359233,0.041161427856821434,0.7858474356407131,8
poly_bstar_cslog_loggauss,0-2 loggauss,CMS_13\CMS13-106Q170.csv,1,3.0,0.743,0.7961835265159607,1.0715794434938906,0.014116943047274788,0.02636997872361675,0.01899992334761075,0.03549122304659051,0.7858474356407131,8
poly_bstar_cslog_loggauss,0-2 loggauss,CMS_13\CMS13-106Q170.csv,2,5.0,0.811,0.8663698434829712,1.0682735431355994,0.015409173663762765,0.02561367626635622,0.019000214135342496,0.03158283140117906,0.7858474356407131,8
poly_bstar_cslog_loggauss,0-2 loggauss,CMS_13\CMS13-106Q170.csv,3,7.0,0.755,0.799963653087616,1.059554507400816,0.014345120564150026,0.02196864541318604,0.01900015968761593,0.029097543593623893,0.7858474356407131,8
poly_bstar_cslog_loggauss,0-2 loggauss,CMS_13\CMS13-106Q170.csv,4,9.0,0.674,0.704839289188385,1.045755621941224,0.012806279123929792,0.01854123945925946,0.01900041413045963,0.027509257357951723,0.7858474356407131,8
poly_bstar_cslog_loggauss,0-2 loggauss,CMS_13\CMS13-106Q170.csv,5,11.0,0.591,0.6136934161186218,1.0383983352260946,0.01182,0.01610529275051528,0.02,0.027250918359585923,0.7858474356407131,8
poly_bstar_cslog_loggauss,0-2 loggauss,CMS_13\CMS13-106Q170.csv,6,13.0,0.521,0.5351015329360962,1.027066282027056,0.01042,0.013697434399163311,0.02,0.0262906610348624,0.7858474356407131,8
poly_bstar_cslog_loggauss,0-2 loggauss,CMS_13\CMS13-106Q170.csv,7,16.0,0.423,0.4385986626148224,1.036876270957027,0.00846,0.010852018822467942,0.02,0.02565489083325755,0.7858474356407131,8
poly_bstar_cslog_loggauss,0-2 loggauss,CMS_13\CMS13-12y16.csv,0,1.5,4.7387,4.551217079162598,0.9604357902299361,0.18508979626454292,0.25302010872907255,0.03905919266139298,0.05339441381160921,0.24679595470079863,13
poly_bstar_cslog_loggauss,0-2 loggauss,CMS_13\CMS13-12y16.csv,1,2.5,6.1954,6.309316158294678,1.0183872160465308,0.23381999520357535,0.3207665666168472,0.03774090376788833,0.05177495668025425,0.24679595470079863,13
poly_bstar_cslog_loggauss,0-2 loggauss,CMS_13\CMS13-12y16.csv,2,3.5,7.0506,7.04852294921875,0.9997054079395725,0.2575401389570175,0.34006747896921724,0.036527407448588414,0.048232416953056086,0.24679595470079863,13
poly_bstar_cslog_loggauss,0-2 loggauss,CMS_13\CMS13-12y16.csv,3,4.5,7.2887,7.140584468841553,0.979678745021959,0.2591199979531684,0.3308280683593829,0.03555092100829618,0.04538917342727549,0.24679595470079863,13
poly_bstar_cslog_loggauss,0-2 loggauss,CMS_13\CMS13-12y16.csv,4,5.5,7.1054,6.908583641052246,0.9723004533245483,0.24707016999022768,0.3070204946062113,0.034772169053146576,0.043209459651280896,0.24679595470079863,13
poly_bstar_cslog_loggauss,0-2 loggauss,CMS_13\CMS13-12y16.csv,5,6.5,6.6879,6.534824371337891,0.977111555396745,0.2278002919582192,0.27782279278165783,0.03406155773235533,0.0415411104803687,0.24679595470079863,13
poly_bstar_cslog_loggauss,0-2 loggauss,CMS_13\CMS13-12y16.csv,6,7.5,6.199,6.105004787445068,0.9848370362066573,0.20714005952736422,0.25132475668962856,0.03341507654901826,0.040542790238688266,0.24679595470079863,13
poly_bstar_cslog_loggauss,0-2 loggauss,CMS_13\CMS13-12y16.csv,7,8.5,5.7522,5.658044815063477,0.9836314479787692,0.188189824807294,0.22680205674622134,0.03271614770127847,0.03942875017318962,0.24679595470079863,13
poly_bstar_cslog_loggauss,0-2 loggauss,CMS_13\CMS13-12y16.csv,8,9.5,5.3334,5.228733539581299,0.9803752839804437,0.1713798446434119,0.20655547365090185,0.032133319204149684,0.03872866720120408,0.24679595470079863,13
poly_bstar_cslog_loggauss,0-2 loggauss,CMS_13\CMS13-12y16.csv,9,10.5,4.908,4.815189361572266,0.9810899269707142,0.15626997009662477,0.18480231096598007,0.03183984720795126,0.03765328259290547,0.24679595470079863,13
poly_bstar_cslog_loggauss,0-2 loggauss,CMS_13\CMS13-12y16.csv,10,11.5,4.5071,4.449065685272217,0.9871238013960676,0.1421502536059996,0.1669300888317175,0.03153918342304355,0.03703713892119489,0.24679595470079863,13
poly_bstar_cslog_loggauss,0-2 loggauss,CMS_13\CMS13-12y16.csv,11,12.5,4.169,4.115982532501221,0.9872829293598515,0.13009982550718505,0.15183037184213902,0.03120648249152916,0.03641889466110315,0.24679595470079863,13
poly_bstar_cslog_loggauss,0-2 loggauss,CMS_13\CMS13-12y16.csv,12,13.5,3.8582,3.807511806488037,0.9868622172225486,0.11957997659307347,0.13861890965658763,0.03099372157821613,0.035928388797000575,0.24679595470079863,13
poly_bstar_cslog_loggauss,0-2 loggauss,CMS_13\CMS13-16y24.csv,0,1.5,3.9945,3.9168999195098877,0.9805732681211385,0.1923603633450769,0.2362926138669237,0.04815630575668466,0.059154490891707025,0.2627894419237844,13
poly_bstar_cslog_loggauss,0-2 loggauss,CMS_13\CMS13-16y24.csv,1,2.5,5.1864,5.401750564575195,1.041522166546197,0.23481982317087285,0.2924303152657453,0.04527607264593415,0.05638406510599748,0.2627894419237844,13
poly_bstar_cslog_loggauss,0-2 loggauss,CMS_13\CMS13-16y24.csv,2,3.5,5.9383,5.997889995574951,1.0100348577160048,0.2581701531901974,0.3144996765547712,0.04347543121603783,0.05296123074866059,0.2627894419237844,13
poly_bstar_cslog_loggauss,0-2 loggauss,CMS_13\CMS13-16y24.csv,3,4.5,6.1235,6.053531646728516,0.9885737971304835,0.25605981577797404,0.306721539138485,0.041815924843304327,0.05008925273756593,0.2627894419237844,13
poly_bstar_cslog_loggauss,0-2 loggauss,CMS_13\CMS13-16y24.csv,4,5.5,5.9163,5.85538911819458,0.9897045650481856,0.23993993725982737,0.284559730499758,0.040555742146244675,0.04809758303327384,0.2627894419237844,13
poly_bstar_cslog_loggauss,0-2 loggauss,CMS_13\CMS13-16y24.csv,5,6.5,5.5466,5.544448375701904,0.9996120823030152,0.21822987056083776,0.25712674231727395,0.03934480051938805,0.04635754197477265,0.2627894419237844,13
poly_bstar_cslog_loggauss,0-2 loggauss,CMS_13\CMS13-16y24.csv,6,7.5,5.1815,5.196719646453857,1.0029373051150936,0.1962403161311406,0.2302529810879188,0.03787326375202945,0.044437514443292254,0.2627894419237844,13
poly_bstar_cslog_loggauss,0-2 loggauss,CMS_13\CMS13-16y24.csv,7,8.5,4.8699,4.831019401550293,0.992016140280148,0.1782299123891666,0.20791971403082946,0.03659826944889353,0.0426948631452041,0.2627894419237844,13
poly_bstar_cslog_loggauss,0-2 loggauss,CMS_13\CMS13-16y24.csv,8,9.5,4.5669,4.483949661254883,0.9818366203014917,0.16289998593385452,0.18882063679013425,0.035669707226752174,0.0413454721561966,0.2627894419237844,13
poly_bstar_cslog_loggauss,0-2 loggauss,CMS_13\CMS13-16y24.csv,9,10.5,4.2415,4.138967990875244,0.9758264743310725,0.14927992798179532,0.17168631690622027,0.03519507909508318,0.04047773592036314,0.2627894419237844,13
poly_bstar_cslog_loggauss,0-2 loggauss,CMS_13\CMS13-16y24.csv,10,11.5,3.8907,3.842327356338501,0.9875671103756396,0.1371097973459592,0.1568952608961198,0.035240393077327785,0.040325715397260084,0.2627894419237844,13
poly_bstar_cslog_loggauss,0-2 loggauss,CMS_13\CMS13-16y24.csv,11,12.5,3.5541,3.574906587600708,1.0058542493460252,0.1265202421442905,0.14390052323212518,0.03559839119447694,0.040488597178505156,0.2627894419237844,13
poly_bstar_cslog_loggauss,0-2 loggauss,CMS_13\CMS13-16y24.csv,12,13.5,3.2928,3.3245599269866943,1.00964526451248,0.11650011375530926,0.1317653921146854,0.03538025806465903,0.04001621480645208,0.2627894419237844,13
poly_bstar_cslog_loggauss,0-2 loggauss,CMS_13\CMS13-170Q350.csv,0,1.0,0.0344,0.037054359912872314,1.0771616253741951,0.0016165929728908263,0.001935449142955302,0.04699398177008216,0.05626305648125878,1.0558102765576358,10
poly_bstar_cslog_loggauss,0-2 loggauss,CMS_13\CMS13-170Q350.csv,1,3.0,0.0781,0.0853971317410469,1.0934331849045698,0.0024207783541662794,0.0032582467043622454,0.030995881615445316,0.041718907866353974,1.0558102765576358,10
poly_bstar_cslog_loggauss,0-2 loggauss,CMS_13\CMS13-170Q350.csv,2,5.0,0.0902,0.09770840406417847,1.0832417302015351,0.0026154828923164453,0.0033970561566902154,0.028996484393752162,0.03766137645998022,1.0558102765576358,10
poly_bstar_cslog_loggauss,0-2 loggauss,CMS_13\CMS13-170Q350.csv,3,7.0,0.0871,0.09392755478620529,1.078387540599372,0.0025263497461752997,0.0031462732590317225,0.029005163561140065,0.03612254028739061,1.0558102765576358,10
poly_bstar_cslog_loggauss,0-2 loggauss,CMS_13\CMS13-170Q350.csv,4,9.0,0.0827,0.08564554899930954,1.0356172793145049,0.002563855253324571,0.00301744519922417,0.03100187730743133,0.03648664086123543,1.0558102765576358,10
poly_bstar_cslog_loggauss,0-2 loggauss,CMS_13\CMS13-170Q350.csv,5,11.0,0.0758,0.07671425491571426,1.0120614104975496,0.0023501619433562446,0.002705618315557601,0.03100477497831457,0.035694173028464386,1.0558102765576358,10
poly_bstar_cslog_loggauss,0-2 loggauss,CMS_13\CMS13-170Q350.csv,6,13.0,0.0653,0.06851300597190857,1.0492037667979874,0.0020894970591029795,0.002379893642194037,0.03199842356972404,0.03644553816529919,1.0558102765576358,10
poly_bstar_cslog_loggauss,0-2 loggauss,CMS_13\CMS13-170Q350.csv,7,16.0,0.0548,0.057948678731918335,1.0574576410934002,0.0017539423479692828,0.001974164214836556,0.032006247225716836,0.03602489443132401,1.0558102765576358,10
poly_bstar_cslog_loggauss,0-2 loggauss,CMS_13\CMS13-170Q350.csv,8,20.0,0.0465,0.04681198298931122,1.0067093115980907,0.0014413899541761764,0.0015948883622145728,0.03099763342314358,0.03429867445622737,1.0558102765576358,10
poly_bstar_cslog_loggauss,0-2 loggauss,CMS_13\CMS13-170Q350.csv,9,25.0,0.0353,0.036984898149967194,1.0477308257781075,0.0011647583268644187,0.001270516667769316,0.03299598659672574,0.03599197359119875,1.0558102765576358,10
poly_bstar_cslog_loggauss,0-2 loggauss,CMS_13\CMS13-350Q1000.csv,0,1.0,0.00238,0.0026546085719019175,1.1153817528999652,0.0003093213112606372,0.0003199019245854313,0.12996693750446942,0.13441257335522322,1.5417875930846157,11
poly_bstar_cslog_loggauss,0-2 loggauss,CMS_13\CMS13-350Q1000.csv,1,3.0,0.00565,0.006394748575985432,1.1318139072540587,0.00046892732912467365,0.0005024542404613061,0.08299598745569446,0.08892995406394799,1.5417875930846157,11
poly_bstar_cslog_loggauss,0-2 loggauss,CMS_13\CMS13-350Q1000.csv,2,5.0,0.00699,0.00771692069247365,1.1039943766056723,0.00048234930745259705,0.0005210239205291338,0.0690056233837764,0.07453847217870298,1.5417875930846157,11
poly_bstar_cslog_loggauss,0-2 loggauss,CMS_13\CMS13-350Q1000.csv,3,7.0,0.00688,0.007758360356092453,1.1276686564087868,0.0004408005825767475,0.0004778485417957639,0.0640698521187133,0.069454729912175,1.5417875930846157,11
poly_bstar_cslog_loggauss,0-2 loggauss,CMS_13\CMS13-350Q1000.csv,4,9.0,0.00614,0.007340408395975828,1.1955062534162588,0.00041164759491584544,0.00044376451279976525,0.06704358223385105,0.07227435061885427,1.5417875930846157,11
poly_bstar_cslog_loggauss,0-2 loggauss,CMS_13\CMS13-350Q1000.csv,5,11.0,0.00603,0.006781673524528742,1.12465564254208,0.0004459102707944727,0.00046952250631001106,0.07394863528929896,0.07786442890713285,1.5417875930846157,11
poly_bstar_cslog_loggauss,0-2 loggauss,CMS_13\CMS13-350Q1000.csv,6,13.0,0.00528,0.006217311602085829,1.1775211367586798,0.0004010367683891341,0.000421703936219531,0.07595393340703298,0.07986816973854753,1.5417875930846157,11
poly_bstar_cslog_loggauss,0-2 loggauss,CMS_13\CMS13-350Q1000.csv,7,16.0,0.00511,0.005442871246486902,1.0651411441265954,0.0003425334179317399,0.0003594543687171039,0.0670319800257808,0.07034332068827864,1.5417875930846157,11
poly_bstar_cslog_loggauss,0-2 loggauss,CMS_13\CMS13-350Q1000.csv,8,20.0,0.00453,0.00457651587203145,1.0102684044219536,0.0003305011491659295,0.00034179846756371917,0.07295831107415662,0.07545220034519187,1.5417875930846157,11
poly_bstar_cslog_loggauss,0-2 loggauss,CMS_13\CMS13-350Q1000.csv,9,25.0,0.00404,0.0037585017271339893,0.9303222096866309,0.0003276069449813297,0.0003346786072959926,0.08109082796567567,0.08284123942970113,1.5417875930846157,11
poly_bstar_cslog_loggauss,0-2 loggauss,CMS_13\CMS13-350Q1000.csv,10,40.0,0.00212,0.0023404036182910204,1.1039639708919908,0.00013344734392261242,0.0001389732870895707,0.06294686034085492,0.06555343730640127,1.5417875930846157,11
poly_bstar_cslog_loggauss,0-2 loggauss,D0_I\D01.csv,0,0.5,6.04,6.313883304595947,1.0453449179794614,0.5928982860491334,0.6283080748924547,0.09816196788892938,0.1040245157106713,0.6004487757945888,12
poly_bstar_cslog_loggauss,0-2 loggauss,D0_I\D01.csv,1,1.5,16.2,16.1024169921875,0.9939763575424383,1.1956938738657148,1.2978060791607002,0.07380826381887129,0.08011148636794446,0.6004487757945888,12
poly_bstar_cslog_loggauss,0-2 loggauss,D0_I\D01.csv,2,2.5,20.4,20.357627868652344,0.9979229347378601,1.4197484847676367,1.534437996344274,0.06959551395919789,0.0752175488404056,0.6004487757945888,12
poly_bstar_cslog_loggauss,0-2 loggauss,D0_I\D01.csv,3,3.5,19.7,20.40184783935547,1.035626793875912,1.4004792893863158,1.4963660234505136,0.07109031925818862,0.0759576661650007,0.6004487757945888,12
poly_bstar_cslog_loggauss,0-2 loggauss,D0_I\D01.csv,4,4.5,16.2,18.428171157836914,1.137541429496106,1.163822941860144,1.2433981769849634,0.07184092233704593,0.07675297388796071,0.6004487757945888,12
poly_bstar_cslog_loggauss,0-2 loggauss,D0_I\D01.csv,5,5.5,15.0,15.974447250366211,1.064963150024414,1.0920164833920778,1.1489783700319516,0.07280109889280519,0.0765985580021301,0.6004487757945888,12
poly_bstar_cslog_loggauss,0-2 loggauss,D0_I\D01.csv,6,6.5,14.1,13.75381851196289,0.9754481214158078,1.0442682414016045,1.085447742589086,0.07406157740436911,0.07698210940348128,0.6004487757945888,12
poly_bstar_cslog_loggauss,0-2 loggauss,D0_I\D01.csv,7,7.5,11.1,11.92004680633545,1.0738780906608514,0.8783134747913184,0.9133363963900397,0.07912734007128995,0.08228255823333691,0.6004487757945888,12
poly_bstar_cslog_loggauss,0-2 loggauss,D0_I\D01.csv,8,8.5,10.0,10.3513822555542,1.03513822555542,0.8183520025025904,0.8454931561574861,0.08183520025025905,0.0845493156157486,0.6004487757945888,12
poly_bstar_cslog_loggauss,0-2 loggauss,D0_I\D01.csv,9,9.5,9.29,8.97486400604248,0.9660779339120001,0.7848469517045983,0.8047779178695865,0.08448298726637227,0.08662840881265733,0.6004487757945888,12
poly_bstar_cslog_loggauss,0-2 loggauss,D0_I\D01.csv,10,11.0,7.25,7.26240873336792,1.001711549430058,0.6271849806875162,0.6418282956035405,0.08650827319827809,0.08852804077290213,0.6004487757945888,12
poly_bstar_cslog_loggauss,0-2 loggauss,D0_I\D01.csv,11,13.0,5.45,5.631214141845703,1.0332503012560923,0.5011028237797108,0.5111234584608434,0.09194547225315795,0.09378412081850337,0.6004487757945888,12
poly_bstar_cslog_loggauss,0-2 loggauss,D0_II\D02.csv,0,1.25,0.0532,0.054215953447255605,1.0190968693093159,0.002729468812791236,0.002763216056883719,0.051305804751714965,0.051940151445182686,0.6115177485791391,5
poly_bstar_cslog_loggauss,0-2 loggauss,D0_II\D02.csv,1,3.75,0.0808,0.08324961485151931,1.0303170154891004,0.002247220505424423,0.002252571557243424,0.02781213496812405,0.027878360856973067,0.6115177485791391,5
poly_bstar_cslog_loggauss,0-2 loggauss,D0_II\D02.csv,2,6.25,0.0633,0.06150727784551872,0.971678954905509,0.0017804493814764855,0.0017874679403199515,0.02812716242458903,0.028238040131436836,0.6115177485791391,5
poly_bstar_cslog_loggauss,0-2 loggauss,D0_II\D02.csv,3,8.75,0.0443,0.043452519170856345,0.9808695072428069,0.0014212670403551896,0.00143662843450905,0.032082777434654396,0.03242953576769864,0.6115177485791391,5
poly_bstar_cslog_loggauss,0-2 loggauss,D0_II\D02.csv,4,11.25,0.0315,0.030674634684850034,0.9737979265031756,0.001131370849898476,0.0011494170517411526,0.03591653491741194,0.036489430214004845,0.6115177485791391,5
poly_bstar_cslog_loggauss,0-2 loggauss,D0_II_mu\D02mu.csv,0,2.0,0.0613,0.06269341044340321,1.0227310023393672,0.004600821339717507,0.004613878889798152,0.07505418172459229,0.07526719232949677,0.29376234234591836,3
poly_bstar_cslog_loggauss,0-2 loggauss,D0_II_mu\D02mu.csv,1,6.0,0.0627,0.06275908261935219,1.000942306528743,0.0013980160943279588,0.0014057181283257745,0.02229690740554958,0.02241974686324999,0.29376234234591836,3
poly_bstar_cslog_loggauss,0-2 loggauss,D0_II_mu\D02mu.csv,2,10.0,0.0384,0.03694750693724459,0.962174659824078,0.0018450826539751545,0.0018580851733939311,0.04804902744726965,0.048387634723800296,0.29376234234591836,3
poly_bstar_cslog_loggauss,0-2 loggauss,E288\E228-200-4Q5.csv,0,0.1,6.29,4.982486724853516,0.7921282551436432,1.6047293385490278,1.7409847725148124,0.25512390120016337,0.2767861323552961,0.49999559069654076,3
poly_bstar_cslog_loggauss,0-2 loggauss,E288\E228-200-4Q5.csv,1,0.3,5.88,4.63788366317749,0.7887557250301854,1.489462990476769,1.6148481364073455,0.25331003239400834,0.2746340368039703,0.49999559069654076,3
poly_bstar_cslog_loggauss,0-2 loggauss,E288\E228-200-4Q5.csv,2,0.5,4.75,4.022988319396973,0.8469449093467311,1.209568621451466,1.3212278730375508,0.2546460255687297,0.27815323642895806,0.49999559069654076,3
poly_bstar_cslog_loggauss,0-2 loggauss,E288\E228-200-5Q6.csv,0,0.1,1.63,1.4027525186538696,0.8605843672723127,0.4220855955845923,0.46870181133216426,0.25894821815005664,0.2875471235166652,0.3097558004960551,4
poly_bstar_cslog_loggauss,0-2 loggauss,E288\E228-200-5Q6.csv,1,0.3,1.44,1.2977560758590698,0.9012194971243541,0.3687817782917154,0.41426387479616766,0.25609845714702456,0.28768324638622755,0.3097558004960551,4
poly_bstar_cslog_loggauss,0-2 loggauss,E288\E228-200-5Q6.csv,2,0.5,1.19,1.1128475666046143,0.9351660223568188,0.30562436094002715,0.34569744754326026,0.25682719406724974,0.2905020567590422,0.3097558004960551,4
poly_bstar_cslog_loggauss,0-2 loggauss,E288\E228-200-5Q6.csv,3,0.7,1.04,0.8906570672988892,0.8564010262489319,0.2692582403567252,0.298046704405241,0.25890215418915885,0.286583369620424,0.3097558004960551,4
poly_bstar_cslog_loggauss,0-2 loggauss,E288\E228-200-6Q7.csv,0,0.1,0.399,0.38217785954475403,0.9578392469793333,0.10862348963276774,0.12768220801149782,0.27223932238788906,0.320005533863403,0.32150070967059957,6
poly_bstar_cslog_loggauss,0-2 loggauss,E288\E228-200-6Q7.csv,1,0.3,0.342,0.35207629203796387,1.0294628422162686,0.08908002020655362,0.10879481772674422,0.2604678953408,0.31811350212498307,0.32150070967059957,6
poly_bstar_cslog_loggauss,0-2 loggauss,E288\E228-200-6Q7.csv,2,0.5,0.333,0.29944169521331787,0.8992243099499034,0.08610785388104851,0.10162494442344064,0.25858214378693245,0.3051800132836055,0.32150070967059957,6
poly_bstar_cslog_loggauss,0-2 loggauss,E288\E228-200-6Q7.csv,3,0.7,0.255,0.23658791184425354,0.9277957327225629,0.06681364007446383,0.07940155425291498,0.26201427480181894,0.31137864412907834,0.32150070967059957,6
poly_bstar_cslog_loggauss,0-2 loggauss,E288\E228-200-6Q7.csv,4,0.9,0.181,0.17350757122039795,0.9586053658585523,0.04833800264802012,0.0573845751352661,0.2670607881106084,0.3170418515760558,0.32150070967059957,6
poly_bstar_cslog_loggauss,0-2 loggauss,E288\E228-200-6Q7.csv,5,1.1,0.13,0.11955539882183075,0.9196569140140827,0.035387144558441,0.040782042715430525,0.2722088042957,0.3137080208879271,0.32150070967059957,6
poly_bstar_cslog_loggauss,0-2 loggauss,E288\E228-200-7Q8.csv,0,0.1,0.0945,0.09419803321361542,0.9968045842710627,0.030192393495713454,0.03705855304360115,0.31949622746786727,0.3921540004613878,0.1261320859686943,7
poly_bstar_cslog_loggauss,0-2 loggauss,E288\E228-200-7Q8.csv,1,0.3,0.0901,0.08662401139736176,0.9614207702259906,0.02511146401546513,0.032094626750733525,0.27870659284644983,0.3562111737040347,0.1261320859686943,7
poly_bstar_cslog_loggauss,0-2 loggauss,E288\E228-200-7Q8.csv,2,0.5,0.0702,0.07340884953737259,1.04571010736998,0.01945668265660927,0.026067761919971188,0.27716072160412064,0.37133563988562945,0.1261320859686943,7
poly_bstar_cslog_loggauss,0-2 loggauss,E288\E228-200-7Q8.csv,3,0.7,0.0522,0.057615820318460464,1.1037513470969438,0.014761859638947933,0.02033950546460508,0.2827942459568569,0.38964569855565284,0.1261320859686943,7
poly_bstar_cslog_loggauss,0-2 loggauss,E288\E228-200-7Q8.csv,4,0.9,0.0411,0.041986193507909775,1.0215618858372209,0.011949293912189959,0.01570720686033007,0.29073707815547345,0.38217048321970976,0.1261320859686943,7
poly_bstar_cslog_loggauss,0-2 loggauss,E288\E228-200-7Q8.csv,5,1.1,0.0297,0.02860335260629654,0.9630758453298498,0.009180992593396425,0.011489674642511442,0.30912432974398735,0.3868577320710923,0.1261320859686943,7
poly_bstar_cslog_loggauss,0-2 loggauss,E288\E228-200-7Q8.csv,6,1.3,0.0164,0.018338197842240334,1.1181827952585568,0.005590169943749474,0.006977319972317298,0.34086402096033375,0.42544633977544494,0.1261320859686943,7
poly_bstar_cslog_loggauss,0-2 loggauss,E288\E228-200-8Q9.csv,0,0.1,0.0222,0.020202508196234703,0.9100228917222839,0.009330192924050391,0.011844433161580176,0.4202789605428104,0.5335330252964043,0.44393385035285476,7
poly_bstar_cslog_loggauss,0-2 loggauss,E288\E228-200-8Q9.csv,1,0.3,0.0165,0.018609367311000824,1.127840443090959,0.005608531447714276,0.008846186557046208,0.3399109968311682,0.5361325186088611,0.44393385035285476,7
poly_bstar_cslog_loggauss,0-2 loggauss,E288\E228-200-8Q9.csv,2,0.5,0.0134,0.015817195177078247,1.1803876997819587,0.004430857704779065,0.00745532637939339,0.3306610227447063,0.556367640253238,0.44393385035285476,7
poly_bstar_cslog_loggauss,0-2 loggauss,E288\E228-200-8Q9.csv,3,0.7,0.01,0.012456809170544147,1.2456809170544147,0.003397057550292606,0.005956981465634658,0.3397057550292606,0.5956981465634658,0.44393385035285476,7
poly_bstar_cslog_loggauss,0-2 loggauss,E288\E228-200-8Q9.csv,4,0.9,0.0061,0.009176667779684067,1.5043717671613224,0.002283774288321856,0.004329294756589827,0.3743892275937469,0.7097204518999717,0.44393385035285476,7
poly_bstar_cslog_loggauss,0-2 loggauss,E288\E228-200-8Q9.csv,5,1.1,0.0052,0.006296405103057623,1.2108471352033892,0.00206155281280883,0.003238474885159929,0.39645246400169815,0.6227836317615248,0.44393385035285476,7
poly_bstar_cslog_loggauss,0-2 loggauss,E288\E228-200-8Q9.csv,6,1.3,0.006,0.004063819535076618,0.6773032558461031,0.002343074902771996,0.0028122039049744986,0.3905124837953327,0.4687006508290831,0.44393385035285476,7
poly_bstar_cslog_loggauss,0-2 loggauss,E288\E228-300-11Q12.csv,0,0.1,0.00271,0.0018979040905833244,0.7003336127613743,0.0028031065356136577,0.0031343700736959036,1.0343566552079917,1.1565941231350196,0.2806099038332899,9
poly_bstar_cslog_loggauss,0-2 loggauss,E288\E228-300-11Q12.csv,1,0.3,0.00079,0.00179807108361274,2.2760393463452404,0.000814313361059488,0.0015564518403565716,1.0307764064044151,1.970192202983002,0.2806099038332899,9
poly_bstar_cslog_loggauss,0-2 loggauss,E288\E228-300-11Q12.csv,2,0.5,0.00101,0.0016164127737283707,1.6004086868597729,0.00076299164477732,0.0014061525689063109,0.7554372720567525,1.3922302662438721,0.2806099038332899,9
poly_bstar_cslog_loggauss,0-2 loggauss,E288\E228-300-11Q12.csv,3,0.7,0.001,0.0013847120571881533,1.3847120571881533,0.0006315853069855252,0.0011749782294294805,0.6315853069855252,1.1749782294294806,0.2806099038332899,9
poly_bstar_cslog_loggauss,0-2 loggauss,E288\E228-300-11Q12.csv,4,0.9,0.00068,0.001133247627876699,1.6665406292304394,0.0005092150822589606,0.0009313042526533754,0.7488457092043538,1.3695650774314343,0.2806099038332899,9
poly_bstar_cslog_loggauss,0-2 loggauss,E288\E228-300-11Q12.csv,5,1.1,0.00118,0.0009021200821734965,0.7645085442148275,0.0006685992820815769,0.000880176923664464,0.5666095610860821,0.7459126471732745,0.2806099038332899,9
poly_bstar_cslog_loggauss,0-2 loggauss,E288\E228-300-11Q12.csv,6,1.3,0.00026,0.0007003425853326917,2.6936253282026605,0.0002680018656651479,0.00047467497659530844,1.030776406404415,1.8256729869050325,0.2806099038332899,9
poly_bstar_cslog_loggauss,0-2 loggauss,E288\E228-300-11Q12.csv,7,1.5,0.00054,0.000536983017809689,0.9944129959438686,0.0004032679010285843,0.0004736820449502273,0.7467924093121932,0.8771889721300505,0.2806099038332899,9
poly_bstar_cslog_loggauss,0-2 loggauss,E288\E228-300-11Q12.csv,8,1.7,0.00035,0.00041571762994863093,1.1877646569960885,0.0003607717422415453,0.00039698790550516414,1.0307764064044151,1.1342511585861832,0.2806099038332899,9
poly_bstar_cslog_loggauss,0-2 loggauss,E288\E228-300-4Q5.csv,0,0.1,9.16,6.558959484100342,0.7160436118013473,2.3281967270830015,2.4779554222116293,0.2541699483715067,0.27051915089646605,1.3857354639913908,3
poly_bstar_cslog_loggauss,0-2 loggauss,E288\E228-300-4Q5.csv,1,0.3,7.65,6.170635223388672,0.8066189834494996,1.935886424871046,2.0913082907371403,0.2530570490027511,0.2733736327760968,1.3857354639913908,3
poly_bstar_cslog_loggauss,0-2 loggauss,E288\E228-300-4Q5.csv,2,0.5,6.61,5.470694541931152,0.8276391137566039,1.6795107174412434,1.814521153506176,0.2540863415190988,0.2745115209540357,1.3857354639913908,3
poly_bstar_cslog_loggauss,0-2 loggauss,E288\E228-300-5Q6.csv,0,0.1,2.57,2.2527732849121094,0.8765654805105485,0.6621225339769067,0.7270431336727958,0.25763522722836835,0.2828961609621774,0.2671286413851418,4
poly_bstar_cslog_loggauss,0-2 loggauss,E288\E228-300-5Q6.csv,1,0.3,2.3,2.111525535583496,0.9180545806884767,0.5836308764964375,0.6476302837951112,0.2537525549984511,0.28157838425874404,0.2671286413851418,4
poly_bstar_cslog_loggauss,0-2 loggauss,E288\E228-300-5Q6.csv,2,0.5,2.07,1.858320713043213,0.8977394749001029,0.5270732871242859,0.5811870396119303,0.2546247763885439,0.2807666858028649,0.2671286413851418,4
poly_bstar_cslog_loggauss,0-2 loggauss,E288\E228-300-5Q6.csv,3,0.7,1.82,1.5489617586135864,0.8510778893481243,0.46810789354592175,0.5084024376893926,0.257202139310946,0.2793419987304355,0.2671286413851418,4
poly_bstar_cslog_loggauss,0-2 loggauss,E288\E228-300-6Q7.csv,0,0.1,0.849,0.7968002557754517,0.9385162023267982,0.2234951062104043,0.25229223703065123,0.2632451192113125,0.2971640012139591,0.2849229142510012,6
poly_bstar_cslog_loggauss,0-2 loggauss,E288\E228-300-6Q7.csv,1,0.3,0.783,0.7440654039382935,0.9502751008151895,0.20041722106645402,0.22849417840165032,0.25596069101718266,0.29181887407618173,0.2849229142510012,6
poly_bstar_cslog_loggauss,0-2 loggauss,E288\E228-300-6Q7.csv,2,0.5,0.655,0.6501986384391785,0.9926696770063793,0.1674486861698234,0.19303723805417777,0.2556468491142342,0.2947133405407294,0.2849229142510012,6
poly_bstar_cslog_loggauss,0-2 loggauss,E288\E228-300-6Q7.csv,3,0.7,0.54,0.535702645778656,0.9920419366271407,0.13897481786280563,0.15989541593719314,0.25736077382001044,0.2961026221059132,0.2849229142510012,6
poly_bstar_cslog_loggauss,0-2 loggauss,E288\E228-300-6Q7.csv,4,0.9,0.414,0.4146706759929657,1.0016199903211733,0.10776015033397085,0.12340206223043924,0.26029021819799725,0.2980726140831866,0.2849229142510012,6
poly_bstar_cslog_loggauss,0-2 loggauss,E288\E228-300-6Q7.csv,5,1.1,0.286,0.3068006932735443,1.0727296967606446,0.07542048793265593,0.08601199931256627,0.26370799976453124,0.3007412563376443,0.2849229142510012,6
poly_bstar_cslog_loggauss,0-2 loggauss,E288\E228-300-7Q8.csv,0,0.1,0.286,0.2772122919559479,0.9692737480977199,0.08144476655992022,0.09419923736262359,0.2847719110486721,0.3293679628063762,0.11095830987843312,7
poly_bstar_cslog_loggauss,0-2 loggauss,E288\E228-300-7Q8.csv,1,0.3,0.253,0.2581510841846466,1.0203600165401052,0.06696687614037256,0.0803200808420136,0.2646912100409982,0.3174706752648759,0.11095830987843312,7
poly_bstar_cslog_loggauss,0-2 loggauss,E288\E228-300-7Q8.csv,2,0.5,0.237,0.22438271343708038,0.9467625039539257,0.0622218811994623,0.07345949402426755,0.2625395831200941,0.30995567098847066,0.11095830987843312,7
poly_bstar_cslog_loggauss,0-2 loggauss,E288\E228-300-7Q8.csv,3,0.7,0.197,0.1832323521375656,0.9301134626272366,0.051783805383536656,0.0609515718259152,0.26286195626160735,0.3093988417559147,0.11095830987843312,7
poly_bstar_cslog_loggauss,0-2 loggauss,E288\E228-300-7Q8.csv,4,0.9,0.145,0.14065290987491608,0.9700200681028696,0.03885952264246178,0.04589417439338679,0.2679967078790468,0.31651154754059857,0.11095830987843312,7
poly_bstar_cslog_loggauss,0-2 loggauss,E288\E228-300-7Q8.csv,5,1.1,0.11,0.10286089777946472,0.9350990707224066,0.030004166377354997,0.03463657441005822,0.27276514888504544,0.31487794918234746,0.11095830987843312,7
poly_bstar_cslog_loggauss,0-2 loggauss,E288\E228-300-7Q8.csv,6,1.3,0.0781,0.07230178266763687,0.9257590610452864,0.021846409888125782,0.024413206418608762,0.2797235581066041,0.3125890706608036,0.11095830987843312,7
poly_bstar_cslog_loggauss,0-2 loggauss,E288\E228-300-8Q9.csv,0,0.1,0.096,0.0920405313372612,0.9587555347631375,0.031240998703626618,0.03661632740870662,0.3254270698294439,0.3814200771740273,1.102561928804985,7
poly_bstar_cslog_loggauss,0-2 loggauss,E288\E228-300-8Q9.csv,1,0.3,0.07,0.08561951667070389,1.223135952438627,0.020670026608594388,0.027379185067711566,0.29528609440849124,0.39113121525302236,1.102561928804985,7
poly_bstar_cslog_loggauss,0-2 loggauss,E288\E228-300-8Q9.csv,2,0.5,0.07,0.07426568120718002,1.0609383029597146,0.01967866865415443,0.025266019840416102,0.2811238379164918,0.36094314057737287,1.102561928804985,7
poly_bstar_cslog_loggauss,0-2 loggauss,E288\E228-300-8Q9.csv,3,0.7,0.073,0.06036889925599098,0.826971222684808,0.020348525745122175,0.02419374200097207,0.27874692801537226,0.3314211233009873,1.102561928804985,7
poly_bstar_cslog_loggauss,0-2 loggauss,E288\E228-300-8Q9.csv,4,0.9,0.053,0.046291764825582504,0.8734295250109907,0.014985409570645708,0.018015802877840333,0.282743576804636,0.33992080901585536,1.102561928804985,7
poly_bstar_cslog_loggauss,0-2 loggauss,E288\E228-300-8Q9.csv,5,1.1,0.052,0.033684007823467255,0.6477693812205242,0.015264337522470472,0.01681283152809912,0.2935449523552014,0.3233236832326754,1.102561928804985,7
poly_bstar_cslog_loggauss,0-2 loggauss,E288\E228-300-8Q9.csv,6,1.3,0.032,0.02358650416135788,0.7370782550424337,0.01,0.010990665304423154,0.3125,0.34345829076322354,1.102561928804985,7
poly_bstar_cslog_loggauss,0-2 loggauss,E288\E228-400-11Q12.csv,0,0.1,0.00993,0.007790718227624893,0.7845637691465149,0.003277561021552459,0.0041666699383914145,0.3300665681321711,0.4196042234029622,0.6810731361271858,10
poly_bstar_cslog_loggauss,0-2 loggauss,E288\E228-400-11Q12.csv,1,0.3,0.00699,0.007333900313824415,1.0491989004040652,0.001998663616019464,0.0031470019531427357,0.2859318477853311,0.45021487169423974,0.6810731361271858,10
poly_bstar_cslog_loggauss,0-2 loggauss,E288\E228-400-11Q12.csv,2,0.5,0.00753,0.006515158340334892,0.8652268712264133,0.002069639159370541,0.002996217862681633,0.2748524780040559,0.39790409862969894,0.6810731361271858,10
poly_bstar_cslog_loggauss,0-2 loggauss,E288\E228-400-11Q12.csv,3,0.7,0.00509,0.005489505361765623,1.0784882832545428,0.0014068604230697516,0.002296466605208156,0.2763969396993618,0.45117222106250615,0.6810731361271858,10
poly_bstar_cslog_loggauss,0-2 loggauss,E288\E228-400-11Q12.csv,4,0.9,0.00377,0.00441814074292779,1.1719206214662572,0.0010531886108385334,0.0017714958702347342,0.2793603742277277,0.46989280377579157,0.6810731361271858,10
poly_bstar_cslog_loggauss,0-2 loggauss,E288\E228-400-11Q12.csv,5,1.1,0.00334,0.0034285804722458124,1.0265210994747942,0.0009392150978343566,0.0014016034374045876,0.2812021251001068,0.4196417477259244,0.6810731361271858,10
poly_bstar_cslog_loggauss,0-2 loggauss,E288\E228-400-11Q12.csv,6,1.3,0.00289,0.0025945205707103014,0.8977579829447409,0.0008258366969322688,0.0010909144234549876,0.2857566425371172,0.37747903925778115,0.6810731361271858,10
poly_bstar_cslog_loggauss,0-2 loggauss,E288\E228-400-11Q12.csv,7,1.5,0.00231,0.0019367214990779757,0.838407575358431,0.0006858616843066829,0.0008187977442509986,0.29690982004618305,0.3544578979441553,0.6810731361271858,10
poly_bstar_cslog_loggauss,0-2 loggauss,E288\E228-400-11Q12.csv,8,1.7,0.0012,0.0014475190546363592,1.2062658788636327,0.00039051248379533266,0.0004901485717622195,0.3254270698294439,0.408457143135183,0.6810731361271858,10
poly_bstar_cslog_loggauss,0-2 loggauss,E288\E228-400-11Q12.csv,9,1.9,0.00091,0.0010946266120299697,1.2028863868461206,0.00031647472252930404,0.0003992122697011914,0.34777442036187256,0.4386948018694411,0.6810731361271858,10
poly_bstar_cslog_loggauss,0-2 loggauss,E288\E228-400-12Q13.csv,0,0.1,0.00225,0.0024564359337091446,1.091749303870731,0.0010192675065948094,0.0015683307409619345,0.4530077807088042,0.697035884871971,0.880245995388901,12
poly_bstar_cslog_loggauss,0-2 loggauss,E288\E228-400-12Q13.csv,1,0.3,0.00259,0.0023312876001000404,0.9001110425096682,0.0008431229151197351,0.0014114540484644169,0.3255300830578128,0.5449629530750645,0.880245995388901,12
poly_bstar_cslog_loggauss,0-2 loggauss,E288\E228-400-12Q13.csv,2,0.5,0.00157,0.002108188346028328,1.3427951248588077,0.0005258861568818863,0.0011467750671103726,0.33495933559355817,0.7304299790511928,0.880245995388901,12
poly_bstar_cslog_loggauss,0-2 loggauss,E288\E228-400-12Q13.csv,3,0.7,0.00207,0.00182534649502486,0.8818099009781932,0.0006191980700874317,0.0010662229399512194,0.2991295024576965,0.5150835458701544,0.880245995388901,12
poly_bstar_cslog_loggauss,0-2 loggauss,E288\E228-400-12Q13.csv,4,0.9,0.00154,0.0015214289305731654,0.987940864008549,0.00047023930078205926,0.0008371000362990945,0.3053501953130255,0.5435714521422692,0.880245995388901,12
poly_bstar_cslog_loggauss,0-2 loggauss,E288\E228-400-12Q13.csv,5,1.1,0.00129,0.0012316147331148386,0.9547401031897974,0.00040200279849772193,0.0006610444943441128,0.3116300763548232,0.5124375925148161,0.880245995388901,12
poly_bstar_cslog_loggauss,0-2 loggauss,E288\E228-400-12Q13.csv,6,1.3,0.00097,0.0009772644843906164,1.007489159165584,0.00031433461470223095,0.0004940953763173584,0.3240563038167329,0.5093766766158334,0.880245995388901,12
poly_bstar_cslog_loggauss,0-2 loggauss,E288\E228-400-12Q13.csv,7,1.5,0.00085,0.0007670290651731193,0.9023871354977875,0.0002784892277988504,0.00039120927384793635,0.32763438564570635,0.46024620452698395,0.880245995388901,12
poly_bstar_cslog_loggauss,0-2 loggauss,E288\E228-400-12Q13.csv,8,1.7,0.00052,0.0006012858939357102,1.1563190267994428,0.000191049731745428,0.00028121167095185843,0.36740333027966926,0.5407916749074201,0.880245995388901,12
poly_bstar_cslog_loggauss,0-2 loggauss,E288\E228-400-12Q13.csv,9,1.9,0.00016,0.00047512154560536146,2.9695096600335087,8.94427190999916e-05,0.00018983369764490334,0.5590169943749475,1.1864606102806459,0.880245995388901,12
poly_bstar_cslog_loggauss,0-2 loggauss,E288\E228-400-12Q13.csv,10,2.1,0.00024,0.0003804843290708959,1.5853513711287328,0.00011661903789690601,0.0001836100277187756,0.485912657903775,0.765041782161565,0.880245995388901,12
poly_bstar_cslog_loggauss,0-2 loggauss,E288\E228-400-12Q13.csv,11,2.3,0.00013,0.00030841026455163956,2.3723866503972277,8.634958019585273e-05,0.00014633360843775424,0.664227539968098,1.1256431418288788,0.880245995388901,12
poly_bstar_cslog_loggauss,0-2 loggauss,E288\E228-400-13Q14.csv,0,0.1,0.00087,0.0006597577012144029,0.7583421853039114,0.0005544422873482867,0.0008298471827612461,0.6372899854578008,0.9538473365071795,0.5678643142492651,11
poly_bstar_cslog_loggauss,0-2 loggauss,E288\E228-400-13Q14.csv,1,0.3,0.00057,0.0006393061485141516,1.1215897342353536,0.00027056653525519376,0.0006455038641849402,0.47467813202665576,1.132462919622702,0.5678643142492651,11
poly_bstar_cslog_loggauss,0-2 loggauss,E288\E228-400-13Q14.csv,2,0.5,0.00062,0.0006005039322189987,0.9685547293854817,0.00025303161857759987,0.0005844241675537484,0.4081155138348385,0.942619625086691,0.5678643142492651,11
poly_bstar_cslog_loggauss,0-2 loggauss,E288\E228-400-13Q14.csv,3,0.7,0.00085,0.0005475599318742752,0.6441881551462062,0.0002987578450852797,0.0005374624040769721,0.3514798177473879,0.6323087106787908,0.5678643142492651,11
poly_bstar_cslog_loggauss,0-2 loggauss,E288\E228-400-13Q14.csv,4,0.9,0.00038,0.00048515383969061077,1.2767206307647652,0.0001610124218810462,0.00039446369790187296,0.42371689968696363,1.0380623628996657,0.5678643142492651,11
poly_bstar_cslog_loggauss,0-2 loggauss,E288\E228-400-13Q14.csv,5,1.1,0.00035,0.0004205522418487817,1.201577833853662,0.000140556927968706,0.00030690186781936275,0.4015912227677314,0.8768624794838936,0.5678643142492651,11
poly_bstar_cslog_loggauss,0-2 loggauss,E288\E228-400-13Q14.csv,6,1.3,0.00029,0.00035783409839496017,1.2339106841205523,0.00012351619327035626,0.00023078532730076245,0.4259179078288147,0.795811473450905,0.5678643142492651,11
poly_bstar_cslog_loggauss,0-2 loggauss,E288\E228-400-13Q14.csv,7,1.5,0.00019,0.0003001514414791018,1.5797444288373776,9.303897032964198e-05,0.00016137008837122007,0.489678791208642,0.8493162545853687,0.5678643142492651,11
poly_bstar_cslog_loggauss,0-2 loggauss,E288\E228-400-13Q14.csv,8,1.7,9e-05,0.0002495977678336203,2.7733085314846697,5.4829280498653276e-05,0.0001054797459965222,0.6092142277628141,1.1719971777391356,0.5678643142492651,11
poly_bstar_cslog_loggauss,0-2 loggauss,E288\E228-400-13Q14.csv,9,1.9,0.00011,0.00020712739205919206,1.8829762914472006,7.520804478245661e-05,0.00010035782559861409,0.6837094980223328,0.9123438690783099,0.5678643142492651,11
poly_bstar_cslog_loggauss,0-2 loggauss,E288\E228-400-13Q14.csv,10,2.3,5.7e-05,0.00014210198423825204,2.493017267337755,4.340578878444672e-05,6.655326245802992e-05,0.761505066393802,1.1676010957549108,0.5678643142492651,11
poly_bstar_cslog_loggauss,0-2 loggauss,E288\E228-400-5Q6.csv,0,0.1,2.88,2.678591251373291,0.9300664067268372,0.7299315036357863,0.8075438412436611,0.2534484387624258,0.28039716709849344,0.7150130210422937,4
poly_bstar_cslog_loggauss,0-2 loggauss,E288\E228-400-5Q6.csv,1,0.3,2.76,2.5300607681274414,0.9166886841041455,0.6946221994724902,0.7665798213393135,0.2516747099538008,0.27774631207946143,0.7150130210422937,4
poly_bstar_cslog_loggauss,0-2 loggauss,E288\E228-400-5Q6.csv,2,0.5,2.3,2.260971784591675,0.9830312106920326,0.5792451985126851,0.645758399570946,0.2518457384837761,0.28076452155258524,0.7150130210422937,4
poly_bstar_cslog_loggauss,0-2 loggauss,E288\E228-400-5Q6.csv,3,0.7,2.08,1.9290064573287964,0.9274069506388444,0.5246903848937962,0.5763138486250644,0.252254992737402,0.2770739656851271,0.7150130210422937,4
poly_bstar_cslog_loggauss,0-2 loggauss,E288\E228-400-6Q7.csv,0,0.1,1.04,1.0493459701538086,1.0089865097632775,0.261725046566048,0.2979327005686989,0.2516586986212,0.2864737505468259,1.2042791454728892,6
poly_bstar_cslog_loggauss,0-2 loggauss,E288\E228-400-6Q7.csv,1,0.3,0.966,0.988474428653717,1.0232654540928747,0.24216987839118226,0.2767984604123908,0.25069345589149306,0.28654084928818924,1.2042791454728892,6
poly_bstar_cslog_loggauss,0-2 loggauss,E288\E228-400-6Q7.csv,2,0.5,0.894,0.8787238001823425,0.9829125281681683,0.22407197504373455,0.25359097838412215,0.250639793113797,0.28365881251020375,1.2042791454728892,6
poly_bstar_cslog_loggauss,0-2 loggauss,E288\E228-400-6Q7.csv,3,0.7,0.707,0.743276834487915,1.0513109398697527,0.17730358851416375,0.20334646158476227,0.25078301062823727,0.28761875754563265,1.2042791454728892,6
poly_bstar_cslog_loggauss,0-2 loggauss,E288\E228-400-6Q7.csv,4,0.9,0.594,0.5939357876777649,0.9998918984474157,0.14915847277308789,0.1673074834761742,0.2511085400220335,0.28166243009456937,1.2042791454728892,6
poly_bstar_cslog_loggauss,0-2 loggauss,E288\E228-400-6Q7.csv,5,1.1,0.44,0.45738962292671204,1.0395218702879818,0.11065260954898443,0.12349401025981868,0.25148320352041914,0.28066820513595153,1.2042791454728892,6
poly_bstar_cslog_loggauss,0-2 loggauss,E288\E228-400-7Q8.csv,0,0.1,0.382,0.4163575768470764,1.0899413006467968,0.09683103841227769,0.11570687080977603,0.25348439374941806,0.3028975675648587,0.5770116674236899,7
poly_bstar_cslog_loggauss,0-2 loggauss,E288\E228-400-7Q8.csv,1,0.3,0.354,0.3912258744239807,1.1051578373558777,0.08895645001909586,0.10719644319971955,0.2512894068336041,0.3028148112986428,0.5770116674236899,7
poly_bstar_cslog_loggauss,0-2 loggauss,E288\E228-400-7Q8.csv,2,0.5,0.328,0.34613192081451416,1.0552802463857138,0.08238931969618392,0.09811811749343849,0.2511869502932436,0.29914060211414173,0.5770116674236899,7
poly_bstar_cslog_loggauss,0-2 loggauss,E288\E228-400-7Q8.csv,3,0.7,0.28,0.2902281880378723,1.0365292429924011,0.07034912934784623,0.08346815580151151,0.25124689052802224,0.29810055643396965,0.5770116674236899,7
poly_bstar_cslog_loggauss,0-2 loggauss,E288\E228-400-7Q8.csv,4,0.9,0.221,0.23064258694648743,1.043631615142477,0.055691673524863664,0.06557965732575537,0.2519985227369397,0.2967405308857709,0.5770116674236899,7
poly_bstar_cslog_loggauss,0-2 loggauss,E288\E228-400-7Q8.csv,5,1.1,0.17,0.17576850950717926,1.0339324088657602,0.04292143986401202,0.04979582633577336,0.2524790580236001,0.29291662550454917,0.5770116674236899,7
poly_bstar_cslog_loggauss,0-2 loggauss,E288\E228-400-7Q8.csv,6,1.3,0.125,0.12978315353393555,1.0382652282714844,0.03164747225293041,0.035989977309835865,0.25317977802344327,0.2879198184786869,0.5770116674236899,7
poly_bstar_cslog_loggauss,0-2 loggauss,E288\E228-400-8Q9.csv,0,0.1,0.158,0.1633627563714981,1.0339414960221398,0.0405123437979093,0.04978628649852889,0.25640723922727404,0.3151030791046132,0.7840022808023956,7
poly_bstar_cslog_loggauss,0-2 loggauss,E288\E228-400-8Q9.csv,1,0.3,0.138,0.1532306671142578,1.1103671530018682,0.034860436027106714,0.044321206171768386,0.25261185526888924,0.32116816066498827,0.7840022808023956,7
poly_bstar_cslog_loggauss,0-2 loggauss,E288\E228-400-8Q9.csv,2,0.5,0.122,0.13511155545711517,1.1074717660419278,0.030761176830542424,0.03929875197940388,0.2521407936929707,0.32212091786396624,0.7840022808023956,7
poly_bstar_cslog_loggauss,0-2 loggauss,E288\E228-400-8Q9.csv,3,0.7,0.112,0.11253912001848221,1.004813571593591,0.0282842712474619,0.03498274171861891,0.2525381361380527,0.31234590820195457,0.7840022808023956,7
poly_bstar_cslog_loggauss,0-2 loggauss,E288\E228-400-8Q9.csv,4,0.9,0.083,0.08915720880031586,1.0741832385580223,0.020965745872732505,0.026456287016796216,0.25259934786424704,0.31875044598549657,0.7840022808023956,7
poly_bstar_cslog_loggauss,0-2 loggauss,E288\E228-400-8Q9.csv,5,1.1,0.063,0.06746601313352585,1.070889097357553,0.016033168744823963,0.019943019159309856,0.25449474198133276,0.316555859671585,0.7840022808023956,7
poly_bstar_cslog_loggauss,0-2 loggauss,E288\E228-400-8Q9.csv,6,1.3,0.047,0.049501873552799225,1.0532313521872176,0.011918997441060217,0.014311979715691392,0.25359569023532375,0.30451020671683815,0.7840022808023956,7
poly_bstar_cslog_loggauss,0-2 loggauss,E605\E605-10.5Q11.5.csv,0,0.1,0.0701,0.07847272604703903,1.1194397438949935,0.017783556983907916,0.02123888744156812,0.25368840205289467,0.3029798493804297,0.23202624923050771,10
poly_bstar_cslog_loggauss,0-2 loggauss,E605\E605-10.5Q11.5.csv,1,0.3,0.0784,0.07461679726839066,0.9517448631172278,0.01838548568844457,0.02147195346801497,0.23450874602607868,0.2738769575001909,0.23202624923050771,10
poly_bstar_cslog_loggauss,0-2 loggauss,E605\E605-10.5Q11.5.csv,2,0.5,0.0712,0.06758739799261093,0.9492612077613894,0.016445307659025413,0.01929195194872722,0.23097342217732322,0.2709543813023486,0.23202624923050771,10
poly_bstar_cslog_loggauss,0-2 loggauss,E605\E605-10.5Q11.5.csv,3,0.7,0.0624,0.05853951722383499,0.9381332888435095,0.0143404898451866,0.016809490132700455,0.2298155423908109,0.26938285469071244,0.23202624923050771,10
poly_bstar_cslog_loggauss,0-2 loggauss,E605\E605-10.5Q11.5.csv,4,0.9,0.0503,0.04874100536108017,0.9690060707968225,0.0115553857140253,0.013634377778094595,0.229729338251,0.2710611884313041,0.23202624923050771,10
poly_bstar_cslog_loggauss,0-2 loggauss,E605\E605-10.5Q11.5.csv,5,1.1,0.039,0.03929156810045242,1.0074761051398058,0.008963259730700657,0.010631417746500463,0.22982717258206814,0.2726004550384734,0.23202624923050771,10
poly_bstar_cslog_loggauss,0-2 loggauss,E605\E605-10.5Q11.5.csv,6,1.3,0.0312,0.03085916116833687,0.9890756784723356,0.007195320979636697,0.008386031616801515,0.23061926216784287,0.2687830646410742,0.23202624923050771,10
poly_bstar_cslog_loggauss,0-2 loggauss,E605\E605-10.5Q11.5.csv,7,1.5,0.0234,0.02384153939783573,1.018869205035715,0.005442891143500851,0.0062262744235553075,0.23260218561969448,0.26608010357073963,0.23202624923050771,10
poly_bstar_cslog_loggauss,0-2 loggauss,E605\E605-10.5Q11.5.csv,8,1.7,0.0147,0.018295273184776306,1.24457640712764,0.003444417802764351,0.003992232795438174,0.23431413624247288,0.2715804622747057,0.23202624923050771,10
poly_bstar_cslog_loggauss,0-2 loggauss,E605\E605-10.5Q11.5.csv,9,1.9,0.0131,0.01400151476264,1.0688179208122137,0.0031153136278711975,0.0033950597933796126,0.23781020060085475,0.25916486972363456,0.23202624923050771,10
poly_bstar_cslog_loggauss,0-2 loggauss,E605\E605-11.5Q13.5.csv,0,0.1,0.0508,0.060029782354831696,1.18168862903212,0.013048221679600635,0.016815177302547245,0.25685475747245345,0.331007427215497,0.46767324420690853,11
poly_bstar_cslog_loggauss,0-2 loggauss,E605\E605-11.5Q13.5.csv,1,0.3,0.0679,0.05702127143740654,0.8397830844978872,0.015920546033349484,0.018874481025042782,0.2344704864999924,0.2779746837266978,0.46767324420690853,11
poly_bstar_cslog_loggauss,0-2 loggauss,E605\E605-11.5Q13.5.csv,2,0.5,0.0646,0.051548071205616,0.7979577586008668,0.014954629015793069,0.01758838019167674,0.23149580519803512,0.27226594723957803,0.46767324420690853,11
poly_bstar_cslog_loggauss,0-2 loggauss,E605\E605-11.5Q13.5.csv,3,0.7,0.0492,0.04452620446681976,0.90500415582967,0.011311628706777817,0.013895314895489001,0.2299111525767849,0.28242509950180894,0.46767324420690853,11
poly_bstar_cslog_loggauss,0-2 loggauss,E605\E605-11.5Q13.5.csv,4,0.9,0.0417,0.03695465624332428,0.886202787609695,0.009578463029108584,0.011679475010850706,0.2296993532160332,0.2800833335935421,0.46767324420690853,11
poly_bstar_cslog_loggauss,0-2 loggauss,E605\E605-11.5Q13.5.csv,5,1.1,0.0323,0.02967962995171547,0.9188739923131723,0.007433966236135325,0.009096314214336432,0.23015375344072211,0.28161963511877497,0.46767324420690853,11
poly_bstar_cslog_loggauss,0-2 loggauss,E605\E605-11.5Q13.5.csv,6,1.3,0.0247,0.023260941728949547,0.941738531536419,0.00571251354484171,0.006918274100674637,0.23127585201788298,0.2800920688532242,0.46767324420690853,11
poly_bstar_cslog_loggauss,0-2 loggauss,E605\E605-11.5Q13.5.csv,7,1.5,0.0194,0.01791955716907978,0.9236885138700918,0.004498121830275387,0.005272700631671961,0.2318619500141952,0.2717886923542248,0.46767324420690853,11
poly_bstar_cslog_loggauss,0-2 loggauss,E605\E605-11.5Q13.5.csv,8,1.7,0.0137,0.013702372089028358,1.0001731451845517,0.0032152178775317858,0.0037154410977396145,0.23468743631618874,0.27120008012697916,0.46767324420690853,11
poly_bstar_cslog_loggauss,0-2 loggauss,E605\E605-11.5Q13.5.csv,9,1.9,0.00866,0.010501640848815441,1.2126606060987808,0.0020696845170218576,0.0024045304434990927,0.23899359318959096,0.27765940456109617,0.46767324420690853,11
poly_bstar_cslog_loggauss,0-2 loggauss,E605\E605-11.5Q13.5.csv,10,2.1,0.00679,0.008109423331916332,1.1943186055841433,0.0016463432965211115,0.0018488188586710046,0.24246587577630507,0.27228554619602424,0.46767324420690853,11
poly_bstar_cslog_loggauss,0-2 loggauss,E605\E605-13.5Q18.csv,0,0.1,0.024,0.01806872896850109,0.7528637070208788,0.007655664634765554,0.008963534104891112,0.3189860264485647,0.37348058770379633,0.9027306059785853,13
poly_bstar_cslog_loggauss,0-2 loggauss,E605\E605-13.5Q18.csv,1,0.3,0.0206,0.017178939655423164,0.8339291094865614,0.0054430984742148475,0.007031230111850109,0.2642280812725654,0.34132185008981114,0.9027306059785853,13
poly_bstar_cslog_loggauss,0-2 loggauss,E605\E605-13.5Q18.csv,2,0.5,0.0188,0.015570555813610554,0.828221053915455,0.0047127114276178635,0.006218728333786979,0.2506761397669076,0.33078342200994565,0.9027306059785853,13
poly_bstar_cslog_loggauss,0-2 loggauss,E605\E605-13.5Q18.csv,3,0.7,0.0171,0.013496662490069866,0.7892785081912203,0.00419235804768629,0.005477799364302366,0.2451671372915959,0.3203391441112495,0.9027306059785853,13
poly_bstar_cslog_loggauss,0-2 loggauss,E605\E605-13.5Q18.csv,4,0.9,0.00973,0.011267129331827164,1.1579783485947752,0.00246569772072734,0.0038190821894643636,0.25341189318883245,0.3925058776427917,0.9027306059785853,13
poly_bstar_cslog_loggauss,0-2 loggauss,E605\E605-13.5Q18.csv,5,1.1,0.0107,0.009114238433539867,0.8517979844429783,0.002629528284692903,0.003483481246478918,0.24575030698064515,0.32555899499802976,0.9027306059785853,13
poly_bstar_cslog_loggauss,0-2 loggauss,E605\E605-13.5Q18.csv,6,1.3,0.00791,0.007214231416583061,0.9120393699852163,0.001975459250402296,0.0026098312048562795,0.24974200384352666,0.3299407338629936,0.9027306059785853,13
poly_bstar_cslog_loggauss,0-2 loggauss,E605\E605-13.5Q18.csv,7,1.5,0.00605,0.005644326098263264,0.9329464625228535,0.0015220434455034456,0.0019439341021818776,0.251577429008834,0.32131142184824424,0.9027306059785853,13
poly_bstar_cslog_loggauss,0-2 loggauss,E605\E605-13.5Q18.csv,8,1.7,0.0035,0.0044001629576087,1.2571894164596285,0.0009336776745751179,0.001236535130510167,0.2667650498786051,0.35329575157433346,0.9027306059785853,13
poly_bstar_cslog_loggauss,0-2 loggauss,E605\E605-13.5Q18.csv,9,1.9,0.00194,0.0034427286591380835,1.7746024016175688,0.000562915624228001,0.0007853941737743026,0.2901626929010314,0.4048423576156199,0.9027306059785853,13
poly_bstar_cslog_loggauss,0-2 loggauss,E605\E605-13.5Q18.csv,10,2.1,0.002,0.0027252465952187777,1.3626232976093888,0.0005781487697816194,0.0006956504113745217,0.2890743848908097,0.34782520568726083,0.9027306059785853,13
poly_bstar_cslog_loggauss,0-2 loggauss,E605\E605-13.5Q18.csv,11,2.3,0.00136,0.002185029676184058,1.6066394677823956,0.00042277180606090564,0.0005217465642449393,0.31086162210360707,0.3836371795918671,0.9027306059785853,13
poly_bstar_cslog_loggauss,0-2 loggauss,E605\E605-13.5Q18.csv,12,2.5,0.00136,0.0017702660989016294,1.3016662491923745,0.0004184746109383459,0.0004916997874989191,0.30770191980760725,0.36154396139626405,0.9027306059785853,13
poly_bstar_cslog_loggauss,0-2 loggauss,E605\E605-7Q8.csv,0,0.1,0.785,0.8213181495666504,1.0462651586836311,0.20984826765070017,0.228920110833318,0.2673226339499365,0.29161797558384456,0.25365585773754246,7
poly_bstar_cslog_loggauss,0-2 loggauss,E605\E605-7Q8.csv,1,0.3,0.973,0.7848790884017944,0.8066588781107856,0.23398624404225132,0.24962518416037832,0.24047918195503734,0.2565520906067609,0.25365585773754246,7
poly_bstar_cslog_loggauss,0-2 loggauss,E605\E605-7Q8.csv,2,0.5,0.825,0.717754602432251,0.8700055787057588,0.19448832111209147,0.20974827747637403,0.23574341952980785,0.2542403363349988,0.25365585773754246,7
poly_bstar_cslog_loggauss,0-2 loggauss,E605\E605-7Q8.csv,3,0.7,0.805,0.6299359798431396,0.7825291675070057,0.18881280264854922,0.20043568988883642,0.23455006540192447,0.24898843464451728,0.25365585773754246,7
poly_bstar_cslog_loggauss,0-2 loggauss,E605\E605-7Q8.csv,4,0.9,0.569,0.5334475636482239,0.9375176865522389,0.13404782498794973,0.14472135735919353,0.23558492968005226,0.254343334550428,0.25365585773754246,7
poly_bstar_cslog_loggauss,0-2 loggauss,E605\E605-7Q8.csv,5,1.1,0.537,0.4366380572319031,0.8131062518284973,0.12812722983425498,0.13478317685351499,0.23859819335987892,0.2509928805465828,0.25365585773754246,7
poly_bstar_cslog_loggauss,0-2 loggauss,E605\E605-7Q8.csv,6,1.3,0.388,0.34881263971328735,0.899001648745586,0.09512183253596411,0.09974428414325104,0.24515936220609305,0.2570728972764202,0.25365585773754246,7
poly_bstar_cslog_loggauss,0-2 loggauss,E605\E605-8Q9.csv,0,0.1,0.333,0.41556769609451294,1.2479510393228617,0.07841924652150134,0.09211223720379068,0.2354932327973013,0.2766133249363083,0.41972413785450385,7
poly_bstar_cslog_loggauss,0-2 loggauss,E605\E605-8Q9.csv,1,0.3,0.439,0.3965285122394562,0.9032540142128842,0.10020035277382959,0.11026053941626533,0.2282468172524592,0.2511629599459347,0.41972413785450385,7
poly_bstar_cslog_loggauss,0-2 loggauss,E605\E605-8Q9.csv,2,0.5,0.368,0.3615735173225403,0.982536731854729,0.08345292882218096,0.09329389366966254,0.2267742631037526,0.25351601540669166,0.41972413785450385,7
poly_bstar_cslog_loggauss,0-2 loggauss,E605\E605-8Q9.csv,3,0.7,0.37,0.3160859942436218,0.8542864709287077,0.08384476038489228,0.09121775196792509,0.22660746049970887,0.24653446477817592,0.41972413785450385,7
poly_bstar_cslog_loggauss,0-2 loggauss,E605\E605-8Q9.csv,4,0.9,0.259,0.26629433035850525,1.0281634376776263,0.05875053085717609,0.06568005700480017,0.22683602647558335,0.25359095368648715,0.41972413785450385,7
poly_bstar_cslog_loggauss,0-2 loggauss,E605\E605-8Q9.csv,5,1.1,0.224,0.21710632741451263,0.9692246759576457,0.05094962096031628,0.05588006686118047,0.22745366500141195,0.24946458420169854,0.41972413785450385,7
poly_bstar_cslog_loggauss,0-2 loggauss,E605\E605-8Q9.csv,6,1.3,0.18,0.17260736227035522,0.9589297903908623,0.041232599057056785,0.04454612905261466,0.2290699947614266,0.24747849473674813,0.41972413785450385,7
poly_bstar_cslog_loggauss,0-2 loggauss,E772\E772-11Q12.csv,0,0.125,0.0868,0.059315893799066544,0.6833628317864809,0.030654565728452262,0.03165076917311162,0.3531631996365468,0.36464019784690804,1.6627761912246948,8
poly_bstar_cslog_loggauss,0-2 loggauss,E772\E772-11Q12.csv,1,0.375,0.0916,0.05482408404350281,0.5985162013482839,0.019222788559413017,0.02057391342091915,0.20985577029926875,0.22460604171309115,1.6627761912246948,8
poly_bstar_cslog_loggauss,0-2 loggauss,E772\E772-11Q12.csv,2,0.625,0.0378,0.04704840108752251,1.2446666954371033,0.008568809718974975,0.010663305461017257,0.22668808780357078,0.2820980280692396,1.6627761912246948,8
poly_bstar_cslog_loggauss,0-2 loggauss,E772\E772-11Q12.csv,3,0.875,0.0373,0.037820812314748764,1.0139627966420581,0.007442210693066947,0.00900450286215705,0.1995230748811514,0.24140758343584584,1.6627761912246948,8
poly_bstar_cslog_loggauss,0-2 loggauss,E772\E772-11Q12.csv,4,1.125,0.0359,0.028850572183728218,0.8036371081818445,0.006492780606180992,0.007470086062911268,0.18085739850086327,0.20808039172454784,1.6627761912246948,8
poly_bstar_cslog_loggauss,0-2 loggauss,E772\E772-11Q12.csv,5,1.375,0.0155,0.02116885967552662,1.36573288229204,0.003754850196745537,0.004523969587647867,0.24224839979003465,0.2918690056547011,1.6627761912246948,8
poly_bstar_cslog_loggauss,0-2 loggauss,E772\E772-11Q12.csv,6,1.625,0.0111,0.015183061361312866,1.3678433658840419,0.0027353427573157995,0.0031539639085219075,0.24642727543385579,0.2841408926596313,1.6627761912246948,8
poly_bstar_cslog_loggauss,0-2 loggauss,E772\E772-11Q12.csv,7,1.875,0.00945,0.010842873714864254,1.1473940439009793,0.0026352656412589603,0.0028001075167576467,0.2788640890221122,0.2963076737309679,1.6627761912246948,8
poly_bstar_cslog_loggauss,0-2 loggauss,E772\E772-12Q13.csv,0,0.125,0.0292,0.030838321894407272,1.0561069141920298,0.021697382330592326,0.02217595069509853,0.7430610387189153,0.7594503662704977,2.4076660940974164,9
poly_bstar_cslog_loggauss,0-2 loggauss,E772\E772-12Q13.csv,1,0.375,0.0184,0.028456611558794975,1.546554976021466,0.007073506909588765,0.00825581671719497,0.3844297233472155,0.4486856911519005,2.4076660940974164,9
poly_bstar_cslog_loggauss,0-2 loggauss,E772\E772-12Q13.csv,2,0.625,0.0291,0.024345818907022476,0.8366260792791229,0.008297047667694816,0.009080926286380148,0.2851219129792033,0.3120593225560188,2.4076660940974164,9
poly_bstar_cslog_loggauss,0-2 loggauss,E772\E772-12Q13.csv,3,0.875,0.0272,0.01949027180671692,0.7165541105410632,0.006615081254225076,0.0072449148156188276,0.24320151669945134,0.2663571623389275,2.4076660940974164,9
poly_bstar_cslog_loggauss,0-2 loggauss,E772\E772-12Q13.csv,4,1.125,0.0209,0.0147874029353261,0.7075312409246938,0.005016143937328753,0.005471977178712902,0.24000688695352884,0.2618170898905695,2.4076660940974164,9
poly_bstar_cslog_loggauss,0-2 loggauss,E772\E772-12Q13.csv,5,1.375,0.00726,0.010815426707267761,1.4897281965933555,0.002203060598349487,0.0026581666856214255,0.3034518730508935,0.3661386619313258,2.4076660940974164,9
poly_bstar_cslog_loggauss,0-2 loggauss,E772\E772-12Q13.csv,6,1.625,0.007,0.007721543312072754,1.1030776160103934,0.0026443335644354706,0.0028060597806558426,0.3777619377764958,0.40086568295083463,2.4076660940974164,9
poly_bstar_cslog_loggauss,0-2 loggauss,E772\E772-12Q13.csv,7,1.875,0.00187,0.005500737577676773,2.9415708971533547,0.0008996493761460628,0.001070031965855877,0.4810959230727609,0.57220960740956,2.4076660940974164,9
poly_bstar_cslog_loggauss,0-2 loggauss,E772\E772-12Q13.csv,8,2.125,0.00209,0.003962573129683733,1.8959680046333651,0.0014847831491500705,0.0015341988518380737,0.7104225594019477,0.7340664362861598,2.4076660940974164,9
poly_bstar_cslog_loggauss,0-2 loggauss,E772\E772-13Q14.csv,0,0.125,0.0228,0.015759652480483055,0.6912128280913621,0.017945428387196555,0.018145446497453515,0.7870801924209015,0.7958529165549787,2.450608936434265,7
poly_bstar_cslog_loggauss,0-2 loggauss,E772\E772-13Q14.csv,1,0.375,0.00669,0.014529402367770672,2.17180902358306,0.003740315628392877,0.004498188003588253,0.5590905274129861,0.6723748884287374,2.450608936434265,7
poly_bstar_cslog_loggauss,0-2 loggauss,E772\E772-13Q14.csv,2,0.625,0.00449,0.012409675866365433,2.763847631707223,0.0023925093521238324,0.0032252299395985648,0.5328528623883814,0.7183140177279654,2.450608936434265,7
poly_bstar_cslog_loggauss,0-2 loggauss,E772\E772-13Q14.csv,3,0.875,0.00991,0.009912638925015926,1.0002662891035243,0.004451705403550419,0.004778877181316984,0.44921346150861946,0.48222776804409523,2.450608936434265,7
poly_bstar_cslog_loggauss,0-2 loggauss,E772\E772-13Q14.csv,4,1.125,0.00656,0.007498947903513908,1.1431323023649251,0.003413625052638324,0.003647405388326543,0.520369672658281,0.556006918952217,2.450608936434265,7
poly_bstar_cslog_loggauss,0-2 loggauss,E772\E772-13Q14.csv,5,1.375,0.0054,0.005465214140713215,1.0120766927246694,0.002343074902771996,0.002504568688562537,0.43390275977259185,0.4638090164004698,2.450608936434265,7
poly_bstar_cslog_loggauss,0-2 loggauss,E772\E772-13Q14.csv,6,1.625,0.000931,0.003914128057658672,4.204219181158617,0.000629917939100007,0.0008495967679957981,0.6766035865735843,0.9125636605755082,2.450608936434265,7
poly_bstar_cslog_loggauss,0-2 loggauss,E772\E772-14Q15.csv,0,0.125,0.0153,0.007912542670965195,0.5171596516970716,0.020756466462285916,0.020816255722373663,1.3566317949206481,1.3605395896976251,0.21814039018655854,6
poly_bstar_cslog_loggauss,0-2 loggauss,E772\E772-14Q15.csv,1,0.375,0.00793,0.007288917899131775,0.9191573643293538,0.005151402624528585,0.005355762032132779,0.6496094104071356,0.6753798275072862,0.21814039018655854,6
poly_bstar_cslog_loggauss,0-2 loggauss,E772\E772-14Q15.csv,2,0.875,0.00756,0.004972686059772968,0.6577627063191757,0.003952965469113031,0.00408216864982168,0.5228790303059564,0.5399693981245608,0.21814039018655854,6
poly_bstar_cslog_loggauss,0-2 loggauss,E772\E772-14Q15.csv,3,1.125,0.00292,0.0037657120265066624,1.289627406337898,0.001744609985068296,0.0019019046232469179,0.5974691729685946,0.6513371997420953,0.21814039018655854,6
poly_bstar_cslog_loggauss,0-2 loggauss,E772\E772-14Q15.csv,4,1.375,0.00698,0.002743897493928671,0.3931085234854829,0.007134227638644565,0.0071539369516865695,1.022095650235611,1.0249193340525171,0.21814039018655854,6
poly_bstar_cslog_loggauss,0-2 loggauss,E772\E772-14Q15.csv,5,1.625,0.00273,0.0019743393640965223,0.7232012322697885,0.0018502510640450935,0.0018828189525820962,0.6777476425073603,0.6896772720080939,0.21814039018655854,6
poly_bstar_cslog_loggauss,0-2 loggauss,LHCb_7\LHCb7.csv,0,1.1,2.933636,2.8405396938323975,0.9682658972798253,0.0980679314251096,0.13165880768728994,0.0334288001050947,0.044879053736486034,0.8663951772986704,7
poly_bstar_cslog_loggauss,0-2 loggauss,LHCb_7\LHCb7.csv,1,2.8,5.433333,5.071619033813477,0.9334268733047425,0.19155943667175443,0.22989824397866807,0.03525634020071187,0.0423125628373354,0.8663951772986704,7
poly_bstar_cslog_loggauss,0-2 loggauss,LHCb_7\LHCb7.csv,2,4.0,5.174167,5.019742965698242,0.9701548028307247,0.23090742252686466,0.2574788335051138,0.04462697522651756,0.04976237402177274,0.8663951772986704,7
poly_bstar_cslog_loggauss,0-2 loggauss,LHCb_7\LHCb7.csv,3,5.2,4.89,4.619098663330078,0.9446009536462328,0.21825516412447152,0.23772982702502016,0.044632957898664935,0.04861550654908388,0.8663951772986704,7
poly_bstar_cslog_loggauss,0-2 loggauss,LHCb_7\LHCb7.csv,4,6.5,4.106429,4.123948097229004,1.0042662608385542,0.15698857231340121,0.17497501672030097,0.03822994926087878,0.0426100187584641,0.8663951772986704,7
poly_bstar_cslog_loggauss,0-2 loggauss,LHCb_7\LHCb7.csv,5,7.95,3.738,3.557457685470581,0.9517008254335423,0.11663597501200049,0.1319494831944324,0.03120277555163202,0.035299487210923595,0.8663951772986704,7
poly_bstar_cslog_loggauss,0-2 loggauss,LHCb_7\LHCb7.csv,6,9.6,3.131667,2.959690570831299,0.9450847011611703,0.09099740533663583,0.1037371017763182,0.029057177961972276,0.03312520193760007,0.8663951772986704,7
poly_bstar_cslog_loggauss,0-2 loggauss,LHCb_8\LHCb8.csv,0,1.1,3.592273,3.424597978591919,0.9533234190697419,0.09132769804391218,0.13752614379197617,0.025423373458507238,0.038283878700749126,0.4756814941120823,7
poly_bstar_cslog_loggauss,0-2 loggauss,LHCb_8\LHCb8.csv,1,2.8,6.420833,6.167852401733398,0.9606000345645804,0.15385133336438753,0.2199010772894885,0.02396127315013294,0.03424806053817137,0.4756814941120823,7
poly_bstar_cslog_loggauss,0-2 loggauss,LHCb_8\LHCb8.csv,2,4.0,6.340833,6.148123741149902,0.9696082109637492,0.13981402528716494,0.20291436750829275,0.022049788298661225,0.03200121616643945,0.4756814941120823,7
poly_bstar_cslog_loggauss,0-2 loggauss,LHCb_8\LHCb8.csv,3,5.2,5.894167,5.697209358215332,0.9665843126289655,0.13218008128685652,0.1835870131844818,0.022425574519157075,0.031147236443161825,0.4756814941120823,7
poly_bstar_cslog_loggauss,0-2 loggauss,LHCb_8\LHCb8.csv,4,6.5,5.270714,5.124700546264648,0.9722972155697783,0.11398627737144502,0.15624944405968105,0.021626344622653598,0.02964483446828666,0.4756814941120823,7
poly_bstar_cslog_loggauss,0-2 loggauss,LHCb_8\LHCb8.csv,5,7.95,4.542,4.454501152038574,0.980735612513997,0.1027097788285025,0.1335213153467303,0.022613337478754405,0.02939703111993182,0.4756814941120823,7
poly_bstar_cslog_loggauss,0-2 loggauss,LHCb_8\LHCb8.csv,6,9.6,3.750556,3.737323760986328,0.9964719260254554,0.08248855214513102,0.10727824539389381,0.021993686308144987,0.028603291190397853,0.4756814941120823,7
poly_bstar_cslog_loggauss,0-2 loggauss,LHCb_13\LHCb13.csv,0,1.1,5.55,5.722245216369629,1.0310351741206538,0.2880972058177585,0.34216755945699073,0.05190940645365018,0.061651812514773106,0.823661014254173,7
poly_bstar_cslog_loggauss,0-2 loggauss,LHCb_13\LHCb13.csv,1,2.8,11.01,10.675697326660156,0.9696364511044647,0.5595533933415111,0.6562596640701448,0.05082228822357049,0.05960578238602587,0.823661014254173,7
poly_bstar_cslog_loggauss,0-2 loggauss,LHCb_13\LHCb13.csv,2,4.0,11.36,10.977157592773438,0.9662990838709012,0.5724508712544685,0.6816680291314943,0.05039180204704828,0.06000598847988506,0.823661014254173,7
poly_bstar_cslog_loggauss,0-2 loggauss,LHCb_13\LHCb13.csv,3,5.2,11.06,10.459112167358398,0.9456701778805061,0.5595533933415111,0.6628718987090447,0.05059253104353626,0.05993416805687565,0.823661014254173,7
poly_bstar_cslog_loggauss,0-2 loggauss,LHCb_13\LHCb13.csv,4,6.5,9.93,9.660858154296875,0.9728960880460096,0.5020956084253276,0.5920903288693354,0.05056350538019412,0.059626417811614846,0.823661014254173,7
poly_bstar_cslog_loggauss,0-2 loggauss,LHCb_13\LHCb13.csv,5,7.95,8.86,8.629677772521973,0.9740042632643311,0.44833023542919775,0.5172052955806143,0.0506016067075844,0.058375315528286044,0.823661014254173,7
poly_bstar_cslog_loggauss,0-2 loggauss,LHCb_13\LHCb13.csv,6,9.6,7.22,7.442300319671631,1.0307895179600597,0.36249137920783714,0.42007580232315084,0.05020656221715196,0.058182244089079065,0.823661014254173,7
poly_bstar_cslog_loggauss,0-2 loggauss,STAR\STAR510.csv,0,0.847416,0.217182,0.2733910083770752,1.2588106214008308,0.057876039754122775,0.06050647072155341,0.26648635593245656,0.2785979994730383,1.278054881990513,7
poly_bstar_cslog_loggauss,0-2 loggauss,STAR\STAR510.csv,1,1.95387,0.511523,0.5907585024833679,1.1549011529948174,0.0953564356773941,0.1015601082348227,0.18641671181431552,0.1985445585727772,1.278054881990513,7
poly_bstar_cslog_loggauss,0-2 loggauss,STAR\STAR510.csv,2,3.18984,0.692712,0.5903152823448181,0.8521799569587623,0.09866472684536455,0.10322560433214764,0.14243253595341868,0.14901662499299512,1.278054881990513,7
poly_bstar_cslog_loggauss,0-2 loggauss,STAR\STAR510.csv,3,4.30734,0.527631,0.46054261922836304,0.8728498121383373,0.07515290993277106,0.07815540474682285,0.14243459905269226,0.14812511915869775,1.278054881990513,7
poly_bstar_cslog_loggauss,0-2 loggauss,STAR\STAR510.csv,4,6.30242,0.302337,0.2868037819862366,0.9486228347381781,0.04786610135404804,0.049598105887749384,0.15832035560995855,0.16404907731355864,1.278054881990513,7
poly_bstar_cslog_loggauss,0-2 loggauss,STAR\STAR510.csv,5,8.61801,0.192684,0.16475531458854675,0.8550544652827778,0.03568200064261532,0.03646006261581235,0.18518403522147828,0.18922205588327182,1.278054881990513,7
poly_bstar_cslog_loggauss,0-2 loggauss,STAR\STAR510.csv,6,11.0682,0.155741,0.08938361704349518,0.5739247663973853,0.030922761064630048,0.031181401530018558,0.19855247535735646,0.20021318426116796,1.278054881990513,7
